"nit_entidad","nombre_entidad","modalidad_de_contratacion","valor_del_contrato","fecha_de_firma","fecha_de_inicio_del_contrato","fecha_de_fin_del_contrato"
"900478966","UNGRD","Mínima cuantía","18476990.0","","",""
"900478966","UNGRD","Contratación directa","28676000.0","2018-01-26T00:00:00.000","2018-01-26T00:00:00.000","2018-05-25T00:00:00.000"
"900478966","UNGRD","Contratación directa","38400000.0","2024-07-29T00:00:00.000","2024-07-30T00:00:00.000","2024-12-23T00:00:00.000"
"900478966","UNGRD","Contratación directa","63390438.0","2023-04-28T00:00:00.000","2023-04-29T00:00:00.000","2023-10-28T00:00:00.000"
"900478966","UNGRD","Contratación directa","20081760.0","2019-01-11T00:00:00.000","2019-01-12T00:00:00.000","2019-06-30T00:00:00.000"
"900478966","UNGRD","Contratación directa","79000000.0","2026-01-29T00:00:00.000","2026-01-30T00:00:00.000","2026-11-29T00:00:00.000"
"900478966","UNGRD","Mínima cuantía","13028.0","2018-12-19T00:00:00.000","2018-12-19T00:00:00.000","2018-12-31T00:00:00.000"
"900478966","UNGRD","Contratación directa","79000000.0","2026-01-28T00:00:00.000","2026-01-29T00:00:00.000","2026-11-28T00:00:00.000"
"900478966","UNGRD","Contratación directa","45500250.0","2022-01-11T00:00:00.000","2022-01-12T00:00:00.000","2022-12-23T00:00:00.000"
"900478966","UNGRD","Contratación directa","36375000.0","2025-05-08T00:00:00.000","2025-05-09T00:00:00.000","2025-12-23T00:00:00.000"
"900478966","UNGRD","Mínima cuantía","13904122.0","2020-07-24T00:00:00.000","","2020-11-27T00:00:00.000"
"900478966","UNGRD","Mínima cuantía","13890000.0","2018-12-07T00:00:00.000","2018-12-07T00:00:00.000","2018-12-31T00:00:00.000"
"900478966","UNGRD","Contratación directa","88000000.0","2026-01-22T00:00:00.000","2026-01-22T00:00:00.000","2026-12-21T00:00:00.000"
"900478966","UNGRD","Mínima cuantía","5904000.0","2020-11-27T00:00:00.000","","2020-12-15T00:00:00.000"
"900478966","UNGRD","Contratación directa","2523879.0","2020-11-30T00:00:00.000","2020-12-01T00:00:00.000","2020-12-31T00:00:00.000"
"900478966","UNGRD","Contratación directa","100000000.0","2025-02-12T00:00:00.000","2025-02-13T00:00:00.000","2025-12-12T00:00:00.000"
"900478966","UNGRD","Contratación directa","79000000.0","2025-02-17T00:00:00.000","2025-02-18T00:00:00.000","2025-12-17T00:00:00.000"
"900478966","UNGRD","Contratación directa","108000000.0","2023-12-29T00:00:00.000","2024-01-02T00:00:00.000","2024-12-31T00:00:00.000"
"900478966","UNGRD","Contratación directa","33000000.0","2026-01-28T00:00:00.000","2026-01-29T00:00:00.000","2026-07-28T00:00:00.000"
"900478966","UNGRD","Contratación directa","0.0","","","2026-12-21T00:00:00.000"
"900478966","UNGRD","Contratación directa","14280000.0","2023-12-01T00:00:00.000","2023-12-01T00:00:00.000","2023-12-30T00:00:00.000"
"900478966","UNGRD","Licitación pública","6101230478.0","","",""
"900478966","UNGRD","Contratación directa","86900000.0","2026-01-24T00:00:00.000","2026-01-24T00:00:00.000","2026-12-23T00:00:00.000"
"900478966","UNGRD","Contratación directa","5900683669629647.0","","","2021-12-27T00:00:00.000"
"900478966","UNGRD","Contratación directa","36179506.0","2021-08-05T00:00:00.000","2021-08-06T00:00:00.000","2021-12-23T00:00:00.000"
"900478966","UNGRD","Licitación pública","6101230478.0","","",""
"900478966","UNGRD","Contratación directa","53744921.0","2022-01-26T00:00:00.000","2022-01-27T00:00:00.000","2022-09-26T00:00:00.000"
"900478966","UNGRD","Contratación directa","11572933.33","2023-10-20T00:00:00.000","2023-10-20T00:00:00.000","2023-12-31T00:00:00.000"
"900478966","UNGRD","Contratación directa","40809532.0","2019-01-16T00:00:00.000","2019-01-17T00:00:00.000","2019-06-30T00:00:00.000"
"900478966","UNGRD","Contratación directa","22202400.0","2023-10-23T00:00:00.000","2023-10-24T00:00:00.000","2023-12-29T00:00:00.000"
"900478966","UNGRD","Mínima cuantía","9996000.0","2023-10-30T00:00:00.000","2023-11-08T00:00:00.000","2023-12-31T00:00:00.000"
"900478966","UNGRD","Contratación directa","60037006.33","2021-05-04T00:00:00.000","2021-05-05T00:00:00.000","2021-12-23T00:00:00.000"
"900478966","UNGRD","Selección abreviada subasta inversa","510000000.0","","","2024-02-10T00:00:00.000"
"900478966","UNGRD","Selección Abreviada de Menor Cuantía","344310781.0","","",""
"900478966","UNGRD","Contratación directa","42540846.0","2019-01-08T00:00:00.000","2019-01-09T00:00:00.000","2019-06-30T00:00:00.000"
"900478966","UNGRD","Contratación directa","23226666.67","2024-10-03T00:00:00.000","2024-10-04T00:00:00.000","2024-12-23T00:00:00.000"
"900478966","UNGRD","Contratación directa","13496266.0","2018-01-05T00:00:00.000","2018-01-05T00:00:00.000","2018-06-30T00:00:00.000"
"900478966","UNGRD","Contratación directa","93500000.0","2026-01-22T00:00:00.000","2026-01-23T00:00:00.000","2026-12-22T00:00:00.000"
"900478966","UNGRD","Contratación directa","30673333.0","2018-01-09T00:00:00.000","2018-01-09T00:00:00.000","2018-06-30T00:00:00.000"
"900478966","UNGRD","Selección Abreviada de Menor Cuantía","307082899.0","","",""
"900478966","UNGRD","Contratación directa","79000000.0","2026-01-28T00:00:00.000","2026-01-29T00:00:00.000","2026-11-28T00:00:00.000"
"900478966","UNGRD","Selección abreviada subasta inversa","655515463.0","","","2022-09-15T00:00:00.000"
"900478966","UNGRD","Mínima cuantía","7946671.0","","",""
"900478966","UNGRD","Contratación directa","13200000.0","2023-11-17T00:00:00.000","2023-11-17T00:00:00.000","2023-12-30T00:00:00.000"
"900478966","UNGRD","Contratación directa","45500000.0","2023-06-16T00:00:00.000","2023-06-17T00:00:00.000","2023-12-31T00:00:00.000"
"900478966","UNGRD","Contratación directa","99663855.3","2021-03-12T00:00:00.000","2021-03-15T00:00:00.000","2021-12-27T00:00:00.000"
"900478966","UNGRD","Licitación pública","1843543895.0","","","2023-12-21T00:00:00.000"
"900478966","UNGRD","Contratación directa","24064890.0","2021-07-27T00:00:00.000","2021-07-28T00:00:00.000","2021-12-27T00:00:00.000"
"900478966","UNGRD","Contratación Directa (con ofertas)","494000.0","2018-10-02T00:00:00.000","2018-10-02T00:00:00.000","2018-10-09T00:00:00.000"
"900478966","UNGRD","Selección abreviada subasta inversa","1230000000.0","","","2026-03-31T00:00:00.000"
"900478966","UNGRD","Contratación directa","19251912.0","2023-02-07T00:00:00.000","2023-02-08T00:00:00.000","2023-06-07T00:00:00.000"
"900478966","UNGRD","Licitación pública Obra Publica","2367193692.48","","",""
"900478966","UNGRD","Contratación régimen especial (con ofertas)","1658922118.0","","","2025-11-20T00:00:00.000"
"900478966","UNGRD","Contratación directa","95810000.0","2026-01-22T00:00:00.000","2026-01-23T00:00:00.000","2026-12-22T00:00:00.000"
"900478966","UNGRD","Mínima cuantía","9241133.0","2020-06-19T00:00:00.000","2020-06-19T00:00:00.000","2020-07-03T00:00:00.000"
"900478966","UNGRD","Contratación directa","35195868.0","2022-01-18T00:00:00.000","2022-01-19T00:00:00.000","2022-07-18T00:00:00.000"
"900478966","UNGRD","Selección abreviada subasta inversa","85920380.0","2022-10-04T00:00:00.000","","2022-10-20T00:00:00.000"
"900478966","UNGRD","Concurso de méritos abierto","140283930.0","","",""
"900478966","UNGRD","Contratación directa","78651100.0","2022-01-27T00:00:00.000","2022-01-28T00:00:00.000","2022-11-27T00:00:00.000"
"900478966","UNGRD","Mínima cuantía","14575600.0","2017-12-26T00:00:00.000","2017-12-22T00:00:00.000","2017-12-31T00:00:00.000"
"900478966","UNGRD","Contratación directa","50000000.0","2025-02-14T00:00:00.000","2025-02-17T00:00:00.000","2025-12-16T00:00:00.000"
"900478966","UNGRD","Contratación directa","127292000.0","2026-01-24T00:00:00.000","2026-01-24T00:00:00.000","2026-12-23T00:00:00.000"
"900478966","UNGRD","Mínima cuantía","19809000.0","2024-11-14T00:00:00.000","2024-11-18T00:00:00.000","2024-12-23T00:00:00.000"
"900478966","UNGRD","Contratación directa","27641666.0","2018-01-26T00:00:00.000","2018-01-26T00:00:00.000","2018-06-30T00:00:00.000"
"900478966","UNGRD","Contratación directa","17106333.33","2024-10-10T00:00:00.000","2024-10-11T00:00:00.000","2024-12-23T00:00:00.000"
"900478966","UNGRD","Contratación directa","86516210.0","2022-01-24T00:00:00.000","2022-01-25T00:00:00.000","2022-12-24T00:00:00.000"
"900478966","UNGRD","Contratación directa","3991250.0","2020-11-27T00:00:00.000","","2020-12-27T00:00:00.000"
"900478966","UNGRD","Contratación directa","11572933.33","2023-10-18T00:00:00.000","2023-10-19T00:00:00.000","2023-12-31T00:00:00.000"
"900478966","UNGRD","Selección Abreviada de Menor Cuantía","222247139.35","","",""
"900478966","UNGRD","Licitación pública","6175328000.0","","","2021-08-22T00:00:00.000"
"900478966","UNGRD","Selección abreviada subasta inversa","655515463.0","","","2022-09-15T00:00:00.000"
"900478966","UNGRD","Selección abreviada subasta inversa","554980000.0","","","2025-02-20T00:00:00.000"
"900478966","UNGRD","Contratación directa","19750000.0","2023-10-12T00:00:00.000","2023-10-12T00:00:00.000","2023-12-30T00:00:00.000"
"900478966","UNGRD","Mínima cuantía","9743400.0","2023-03-22T00:00:00.000","2023-03-23T00:00:00.000","2023-12-22T00:00:00.000"
"900478966","UNGRD","Contratación directa","45883723.6","2021-03-11T00:00:00.000","2021-03-12T00:00:00.000","2021-03-27T00:00:00.000"
"900478966","UNGRD","Contratación directa","138864000.0","2026-01-16T00:00:00.000","2026-01-18T00:00:00.000","2026-12-17T00:00:00.000"
"900478966","UNGRD","Contratación directa","8452058.4","2020-12-07T00:00:00.000","","2020-12-31T00:00:00.000"
"900478966","UNGRD","Contratación directa","38400000.0","2024-07-29T00:00:00.000","2024-07-30T00:00:00.000","2024-12-23T00:00:00.000"
"900478966","UNGRD","Contratación directa","33808230.0","2022-01-26T00:00:00.000","2022-01-27T00:00:00.000","2022-10-26T00:00:00.000"
"900478966","UNGRD","Contratación directa","14275733.33","2023-10-19T00:00:00.000","2023-10-20T00:00:00.000","2023-12-30T00:00:00.000"
"900478966","UNGRD","Contratación directa","11600000.0","2023-11-20T00:00:00.000","2023-11-21T00:00:00.000","2023-12-30T00:00:00.000"
"900478966","UNGRD","Concurso de méritos abierto","397168275.0","","",""
"900478966","UNGRD","Mínima cuantía","10967437.0","","",""
"900478966","UNGRD","Contratación directa","72000000.0","2025-11-06T00:00:00.000","2025-11-07T00:00:00.000","2026-08-06T00:00:00.000"
"900478966","UNGRD","Contratación directa","0.0","","","2022-10-20T00:00:00.000"
"900478966","UNGRD","Selección Abreviada de Menor Cuantía","336061521.0","2023-05-16T00:00:00.000","2023-05-16T00:00:00.000","2024-08-17T00:00:00.000"
"900478966","UNGRD","Contratación Directa (con ofertas)","12376000.0","2020-07-03T00:00:00.000","2020-07-07T00:00:00.000","2020-09-05T00:00:00.000"
"900478966","UNGRD","Contratación directa","87495922.0","2020-04-01T00:00:00.000","2020-04-01T00:00:00.000","2020-12-31T00:00:00.000"
"900478966","UNGRD","Selección Abreviada de Menor Cuantía","65000000.0","","","2021-08-14T00:00:00.000"
"900478966","UNGRD","Mínima cuantía","8524808.0","2022-06-17T00:00:00.000","2022-06-30T00:00:00.000","2022-09-29T00:00:00.000"
"900478966","UNGRD","Contratación directa","0.0","","",""
"900478966","UNGRD","Contratación directa","92576000.0","2026-01-23T00:00:00.000","2026-01-23T00:00:00.000","2026-12-22T00:00:00.000"
"900478966","UNGRD","Licitación pública","6495000000.0","","","2020-05-08T00:00:00.000"
"900478966","UNGRD","Contratación directa","105333333.33","2024-02-15T00:00:00.000","2024-02-16T00:00:00.000","2024-12-31T00:00:00.000"
"900478966","UNGRD","Concurso de méritos abierto","525300000.0","","",""
"900478966","UNGRD","Contratación directa","45390684.0","2021-04-29T00:00:00.000","2021-04-30T00:00:00.000","2021-12-21T00:00:00.000"
"900478966","UNGRD","Selección Abreviada de Menor Cuantía","22220077.0","","",""
"900478966","UNGRD","Mínima cuantía","35683902.0","2026-04-27T00:00:00.000","2026-05-04T00:00:00.000","2026-10-31T00:00:00.000"
"900478966","UNGRD","Contratación directa","9700302.33","2022-11-16T00:00:00.000","2022-11-17T00:00:00.000","2022-12-23T00:00:00.000"
"900478966","UNGRD","Contratación directa","28676000.0","2018-01-26T00:00:00.000","2018-01-26T00:00:00.000","2018-05-25T00:00:00.000"
"900478966","UNGRD","Contratación directa","62000000.0","2025-02-11T00:00:00.000","2025-02-12T00:00:00.000","2025-12-11T00:00:00.000"
"900478966","UNGRD","Contratación directa","89400083.66","2022-01-12T00:00:00.000","2022-01-13T00:00:00.000","2022-12-23T00:00:00.000"
"900478966","UNGRD","Contratación directa","79000000.0","2026-01-28T00:00:00.000","2026-01-29T00:00:00.000","2026-11-28T00:00:00.000"
"900478966","UNGRD","Contratación directa","110000000.0","2026-01-30T00:00:00.000","2026-01-30T00:00:00.000","2026-12-29T00:00:00.000"
"900478966","UNGRD","Contratación directa","12466666.67","2023-11-16T00:00:00.000","2023-11-17T00:00:00.000","2023-12-30T00:00:00.000"
"900478966","UNGRD","Contratación directa","51333333.0","2023-07-27T00:00:00.000","2023-07-28T00:00:00.000","2023-12-31T00:00:00.000"
"900478966","UNGRD","Contratación directa","87100000.0","2025-02-18T00:00:00.000","2025-02-19T00:00:00.000","2025-12-18T00:00:00.000"
"900478966","UNGRD","Contratación Directa (con ofertas)","1071000.0","2018-08-28T00:00:00.000","2018-08-29T00:00:00.000","2018-09-11T00:00:00.000"
"900478966","UNGRD","Contratación directa","80224122.0","2020-04-14T00:00:00.000","2020-04-15T00:00:00.000","2021-02-20T00:00:00.000"
"900478966","UNGRD","Selección Abreviada de Menor Cuantía","115842321.0","2022-05-31T00:00:00.000","2022-05-31T00:00:00.000","2023-05-17T00:00:00.000"
"900478966","UNGRD","Contratación directa","10565073.0","2020-11-30T00:00:00.000","","2020-12-31T00:00:00.000"
"900478966","UNGRD","Contratación directa","33142287.0","2019-02-14T00:00:00.000","2019-02-15T00:00:00.000","2019-06-14T00:00:00.000"
"900478966","UNGRD","Mínima cuantía","17141000.0","2020-09-14T00:00:00.000","","2020-12-31T00:00:00.000"
"900478966","UNGRD","Contratación directa","50333549.0","2018-01-04T00:00:00.000","2018-01-04T00:00:00.000","2018-06-30T00:00:00.000"
"900478966","UNGRD","Contratación directa","27988800.0","2023-10-18T00:00:00.000","2023-10-19T00:00:00.000","2023-12-30T00:00:00.000"
"900478966","UNGRD","Contratación directa","37866666.67","2026-08-10T00:00:00.000","","2026-12-31T00:00:00.000"
"900478966","UNGRD","Contratación directa","0.0","","","2026-12-21T00:00:00.000"
"900478966","UNGRD","Contratación directa","520000000.0","2025-05-22T00:00:00.000","2025-05-27T00:00:00.000","2025-12-15T00:00:00.000"
"900478966","UNGRD","Licitación pública","18968786074.06","","","2026-07-10T00:00:00.000"
"900478966","UNGRD","Mínima cuantía","2980800.0","2021-12-13T00:00:00.000","","2021-12-23T00:00:00.000"
"900478966","UNGRD","Contratación directa","6619733.0","2018-10-26T00:00:00.000","2018-10-29T00:00:00.000","2018-12-26T00:00:00.000"
"900478966","UNGRD","Contratación directa","40314872.0","2019-01-18T00:00:00.000","2019-01-19T00:00:00.000","2019-06-18T00:00:00.000"
"900478966","UNGRD","Licitación pública","42179200.0","","","2023-12-21T00:00:00.000"
"900478966","UNGRD","Contratación directa","21536119.45","2022-11-16T00:00:00.000","2022-11-17T00:00:00.000","2022-12-23T00:00:00.000"
"900478966","UNGRD","Contratación directa","103500000.0","2022-01-11T00:00:00.000","2022-01-12T00:00:00.000","2022-12-26T00:00:00.000"
"900478966","UNGRD","Mínima cuantía","26122000.0","","",""
"900478966","UNGRD","Contratación directa","0.0","2021-09-13T00:00:00.000","2021-09-13T00:00:00.000","2025-09-12T00:00:00.000"
"900478966","UNGRD","Contratación directa","21066666.67","2024-10-03T00:00:00.000","2024-10-04T00:00:00.000","2024-12-23T00:00:00.000"
"900478966","UNGRD","Contratación directa","29151775.5","2021-07-28T00:00:00.000","2021-07-29T00:00:00.000","2021-12-27T00:00:00.000"
"900478966","UNGRD","Contratación directa","0.0","","",""
"900478966","UNGRD","Contratación directa","7982500.0","2023-05-31T00:00:00.000","2023-06-01T00:00:00.000","2023-07-31T00:00:00.000"
"900478966","UNGRD","Contratación directa","69289923.0","2021-01-07T00:00:00.000","2021-01-08T00:00:00.000","2021-12-31T00:00:00.000"
"900478966","UNGRD","Contratación Directa (con ofertas)","59922450.0","2024-10-29T00:00:00.000","2024-11-06T00:00:00.000","2024-12-05T00:00:00.000"
"900478966","UNGRD","Selección abreviada subasta inversa","407490983.0","","",""
"900478966","UNGRD","Contratación directa","8367400.0","2018-10-16T00:00:00.000","2018-10-17T00:00:00.000","2018-12-26T00:00:00.000"
"900478966","UNGRD","Selección Abreviada de Menor Cuantía","116204903.0","2021-07-01T00:00:00.000","2021-07-02T00:00:00.000","2022-05-31T00:00:00.000"
"900478966","UNGRD","Selección Abreviada de Menor Cuantía","407676263.0","","","2021-06-30T00:00:00.000"
"900478966","UNGRD","Contratación directa","15025880.0","2023-02-01T00:00:00.000","2023-02-02T00:00:00.000","2023-06-01T00:00:00.000"
"900478966","UNGRD","Contratación directa","27500000.0","2026-01-28T00:00:00.000","2026-01-29T00:00:00.000","2026-06-28T00:00:00.000"
"900478966","UNGRD","Contratación directa","38000000.0","2023-06-21T00:00:00.000","2023-06-22T00:00:00.000","2023-12-31T00:00:00.000"
"900478966","UNGRD","Contratación directa","0.0","","","2023-08-12T00:00:00.000"
"900478966","UNGRD","Contratación directa","38691641.0","","","2021-12-23T00:00:00.000"
"900478966","UNGRD","Contratación Directa (con ofertas)","12300000.0","2018-10-12T00:00:00.000","2018-10-02T00:00:00.000","2018-12-31T00:00:00.000"
"900478966","UNGRD","Contratación directa","27144000.0","2023-08-16T00:00:00.000","2023-08-17T00:00:00.000","2023-12-31T00:00:00.000"
"900478966","UNGRD","Mínima cuantía","22608810.0","","",""
"900478966","UNGRD","Mínima cuantía","16660000.0","2025-11-26T00:00:00.000","2025-11-27T00:00:00.000","2025-11-30T00:00:00.000"
"900478966","UNGRD","Contratación directa","115866666.57","2024-02-15T00:00:00.000","2024-02-16T00:00:00.000","2024-12-31T00:00:00.000"
"900478966","UNGRD","Contratación directa","19251912.0","2023-02-02T00:00:00.000","2023-02-03T00:00:00.000","2023-06-02T00:00:00.000"
"900478966","UNGRD","Selección Abreviada de Menor Cuantía","332587977.0","","","2021-05-31T00:00:00.000"
"900478966","UNGRD","Mínima cuantía","12584119.1","2023-07-17T00:00:00.000","2023-07-28T00:00:00.000","2023-09-27T00:00:00.000"
"900478966","UNGRD","Contratación directa","78651100.0","2022-01-27T00:00:00.000","2022-01-28T00:00:00.000","2022-11-27T00:00:00.000"
"900478966","UNGRD","Contratación Directa (con ofertas)","90703481.29","2025-05-27T00:00:00.000","2025-06-11T00:00:00.000","2026-07-20T00:00:00.000"
"900478966","UNGRD","Contratación directa","0.0","","","2023-05-27T00:00:00.000"
"900478966","UNGRD","Contratación directa","38014698.33","2021-07-28T00:00:00.000","2021-07-29T00:00:00.000","2021-12-23T00:00:00.000"
"900478966","UNGRD","Contratación directa","42655550.0","2018-01-26T00:00:00.000","2018-01-26T00:00:00.000","2018-06-25T00:00:00.000"
"900478966","UNGRD","Contratación directa","9700302.33","","","2022-12-23T00:00:00.000"
"900478966","UNGRD","Licitación pública","18401210607.53","","","2026-07-10T00:00:00.000"
"900478966","UNGRD","Selección abreviada subasta inversa","125054244.0","","",""
"900478966","UNGRD","Contratación directa","0.0","","2018-01-10T00:00:00.000","2018-06-30T00:00:00.000"
"900478966","UNGRD","Contratación directa","43199405.0","2020-04-03T00:00:00.000","2020-04-04T00:00:00.000","2020-12-18T00:00:00.000"
"900478966","UNGRD","Mínima cuantía","16779987.0","2019-03-08T00:00:00.000","2019-03-11T00:00:00.000","2019-03-25T00:00:00.000"
"900478966","UNGRD","Concurso de méritos abierto","397168275.0","","",""
"900478966","UNGRD","Contratación directa","20201600.0","2018-01-04T00:00:00.000","2018-01-04T00:00:00.000","2018-06-30T00:00:00.000"
"900478966","UNGRD","Mínima cuantía","7686000.0","","",""
"900478966","UNGRD","Contratación directa","6691067.0","2018-11-28T00:00:00.000","2018-11-29T00:00:00.000","2018-12-26T00:00:00.000"
"900478966","UNGRD","Contratación directa","58988325.0","2020-04-13T00:00:00.000","2020-04-14T00:00:00.000","2020-11-28T00:00:00.000"
"900478966","UNGRD","Contratación directa","27762669.0","2022-01-24T00:00:00.000","2022-01-25T00:00:00.000","2022-12-24T00:00:00.000"
"900478966","UNGRD","Contratación directa","76291567.0","2021-03-08T00:00:00.000","2021-03-09T00:00:00.000","2021-12-29T00:00:00.000"
"900478966","UNGRD","Contratación directa","79000000.0","2025-02-17T00:00:00.000","2025-02-18T00:00:00.000","2025-12-17T00:00:00.000"
"900478966","UNGRD","Contratación directa","42058133.0","2018-01-05T00:00:00.000","2018-01-05T00:00:00.000","2018-06-30T00:00:00.000"
"900478966","UNGRD","Contratación directa","27000000.0","2023-08-14T00:00:00.000","2023-08-15T00:00:00.000","2023-12-29T00:00:00.000"
"900478966","UNGRD","Contratación directa","55000000.0","2026-01-28T00:00:00.000","2026-01-28T00:00:00.000","2026-11-27T00:00:00.000"
"900478966","UNGRD","Contratación directa","87100000.0","2025-02-11T00:00:00.000","2025-02-12T00:00:00.000","2025-12-11T00:00:00.000"
"900478966","UNGRD","Contratación directa","76815907.66","","","2021-12-27T00:00:00.000"
"900478966","UNGRD","Mínima cuantía","15750000.0","2019-02-11T00:00:00.000","2019-02-12T00:00:00.000","2019-08-26T00:00:00.000"
"900478966","UNGRD","Contratación directa","113750619.3","2021-01-29T00:00:00.000","2021-02-01T00:00:00.000","2021-12-23T00:00:00.000"
"900478966","UNGRD","Contratación directa","87100000.0","2026-01-27T00:00:00.000","2026-01-28T00:00:00.000","2026-11-27T00:00:00.000"
"900478966","UNGRD","Contratación directa","47190660.0","2023-01-23T00:00:00.000","2023-01-24T00:00:00.000","2023-07-23T00:00:00.000"
"900478966","UNGRD","Contratación directa","70766666.67","2026-01-24T00:00:00.000","2026-01-24T00:00:00.000","2026-08-05T00:00:00.000"
"900478966","UNGRD","Selección Abreviada de Menor Cuantía","122611650.0","","","2025-12-31T00:00:00.000"
"900478966","UNGRD","Contratación directa","67500000.0","2025-02-05T00:00:00.000","2025-02-06T00:00:00.000","2025-11-05T00:00:00.000"
"900478966","UNGRD","Mínima cuantía","737800.0","2022-03-15T00:00:00.000","2022-03-18T00:00:00.000","2022-03-23T00:00:00.000"
"900478966","UNGRD","Contratación directa","121516667.0","2024-02-14T00:00:00.000","2024-02-15T00:00:00.000","2024-12-31T00:00:00.000"
"900478966","UNGRD","Contratación directa","8298127.77","2023-11-01T00:00:00.000","","2023-12-30T00:00:00.000"
"900478966","UNGRD","Contratación Directa (con ofertas)","90675222.0","2020-10-15T00:00:00.000","2020-10-20T00:00:00.000","2020-12-31T00:00:00.000"
"900478966","UNGRD","Contratación directa","27248400.0","2023-10-04T00:00:00.000","2023-10-04T00:00:00.000","2023-12-24T00:00:00.000"
"900478966","UNGRD","Contratación directa","22202400.0","2023-10-23T00:00:00.000","2023-10-24T00:00:00.000","2023-12-29T00:00:00.000"
"900478966","UNGRD","Contratación directa","40863300.0","2018-01-10T00:00:00.000","2018-01-10T00:00:00.000","2018-06-30T00:00:00.000"
"900478966","UNGRD","Licitación pública Obra Publica","2045839471.0","","","2021-03-10T00:00:00.000"
"900478966","UNGRD","Concurso de méritos abierto","1.0","2022-04-21T00:00:00.000","2022-04-22T00:00:00.000","2024-05-17T00:00:00.000"
"900478966","UNGRD","Licitación pública","264736254.0","","",""
"900478966","UNGRD","Contratación directa","21066666.67","2024-10-03T00:00:00.000","2024-10-04T00:00:00.000","2024-12-23T00:00:00.000"
"900478966","UNGRD","Contratación directa","25881106.5","2019-01-10T00:00:00.000","2019-01-11T00:00:00.000","2019-06-30T00:00:00.000"
"900478966","UNGRD","Contratación directa","107311600.0","2024-02-12T00:00:00.000","2024-02-13T00:00:00.000","2024-12-31T00:00:00.000"
"900478966","UNGRD","Licitación pública","965148816.0","2019-07-23T00:00:00.000","2019-07-19T00:00:00.000","2020-08-19T00:00:00.000"
"900478966","UNGRD","Contratación directa","46200000.0","2023-07-27T00:00:00.000","2023-07-28T00:00:00.000","2023-12-31T00:00:00.000"
"900478966","UNGRD","Mínima cuantía","18900000.0","","",""
"900478966","UNGRD","Licitación pública","5670000000.0","","","2020-05-08T00:00:00.000"
"900478966","UNGRD","Contratación directa","42166666.67","2024-08-28T00:00:00.000","","2024-12-23T00:00:00.000"
"900478966","UNGRD","Contratación Directa (con ofertas)","118955046.62","2022-10-11T00:00:00.000","2022-10-18T00:00:00.000","2022-12-23T00:00:00.000"
"900478966","UNGRD","Contratación directa","60212660.46","2021-06-10T00:00:00.000","2021-06-11T00:00:00.000","2021-12-23T00:00:00.000"
"900478966","UNGRD","Contratación directa","10053333.33","2023-11-20T00:00:00.000","2023-11-21T00:00:00.000","2023-12-30T00:00:00.000"
"900478966","UNGRD","Contratación directa","80000000.0","2026-01-29T00:00:00.000","2026-01-30T00:00:00.000","2026-11-29T00:00:00.000"
"900478966","UNGRD","Contratación directa","11800000.0","2024-10-24T00:00:00.000","2024-10-25T00:00:00.000","2024-12-23T00:00:00.000"
"900478966","UNGRD","Selección abreviada subasta inversa","421072218.0","","","2025-04-11T00:00:00.000"
"900478966","UNGRD","Contratación directa","42260292.0","2023-01-27T00:00:00.000","2023-01-30T00:00:00.000","2023-05-29T00:00:00.000"
"900478966","UNGRD","Contratación directa","38062229.33","2023-09-26T00:00:00.000","2023-09-27T00:00:00.000","2023-12-30T00:00:00.000"
"900478966","UNGRD","Contratación directa","3991250.0","2020-11-26T00:00:00.000","2020-11-27T00:00:00.000","2020-12-26T00:00:00.000"
"900478966","UNGRD","Contratación Directa (con ofertas)","65928507.0","2023-03-30T00:00:00.000","2023-04-01T00:00:00.000","2023-12-31T00:00:00.000"
"900478966","UNGRD","Mínima cuantía","7801400.0","2019-07-24T00:00:00.000","2019-07-22T00:00:00.000","2019-08-21T00:00:00.000"
"900478966","UNGRD","Mínima cuantía","22858209.0","2024-12-09T00:00:00.000","2024-12-13T00:00:00.000","2024-12-20T00:00:00.000"
"900478966","UNGRD","Contratación directa","35845000.0","2018-01-26T00:00:00.000","2018-01-26T00:00:00.000","2018-06-25T00:00:00.000"
"900478966","UNGRD","Selección abreviada subasta inversa","68500000.0","","","2025-01-11T00:00:00.000"
"900478966","UNGRD","Contratación directa","20880000.0","2023-08-31T00:00:00.000","2023-09-01T00:00:00.000","2023-12-30T00:00:00.000"
"900478966","UNGRD","Contratación directa","20081760.0","2019-01-11T00:00:00.000","2019-01-12T00:00:00.000","2019-06-30T00:00:00.000"
"900478966","UNGRD","Contratación directa","69432000.0","2026-01-24T00:00:00.000","2026-01-24T00:00:00.000","2026-12-23T00:00:00.000"
"900478966","UNGRD","Mínima cuantía","21327735.0","2025-07-04T00:00:00.000","2025-07-10T00:00:00.000","2025-08-09T00:00:00.000"
"900478966","UNGRD","Licitación pública","4232481438.0","","","2025-07-26T00:00:00.000"
"900478966","UNGRD","Contratación directa","89662254.0","2022-01-11T00:00:00.000","2022-01-12T00:00:00.000","2022-12-23T00:00:00.000"
"900478966","UNGRD","Contratación directa","20790100.0","2018-10-09T00:00:00.000","2018-10-10T00:00:00.000","2018-12-26T00:00:00.000"
"900478966","UNGRD","Contratación directa","70200000.0","2025-02-17T00:00:00.000","2025-02-18T00:00:00.000","2025-12-17T00:00:00.000"
"900478966","UNGRD","Contratación directa","0.0","","","2022-09-25T00:00:00.000"
"900478966","UNGRD","Contratación directa","47190660.0","2023-02-01T00:00:00.000","2023-02-02T00:00:00.000","2023-08-01T00:00:00.000"
"900478966","UNGRD","Contratación directa","68000000.0","2023-07-10T00:00:00.000","2023-07-11T00:00:00.000","2023-12-30T00:00:00.000"
"900478966","UNGRD","Contratación directa","39317719.34","2021-02-09T00:00:00.000","2021-02-10T00:00:00.000","2021-12-23T00:00:00.000"
"900478966","UNGRD","Contratación directa","25729755.0","2019-01-11T00:00:00.000","2019-01-12T00:00:00.000","2019-06-30T00:00:00.000"
"900478966","UNGRD","Selección abreviada subasta inversa","470729649.29","","",""
"900478966","UNGRD","Contratación Directa (con ofertas)","11000000.0","2018-11-06T00:00:00.000","2018-11-07T00:00:00.000","2018-11-19T00:00:00.000"
"900478966","UNGRD","Contratación Directa (con ofertas)","40000000.0","2024-08-16T00:00:00.000","","2024-12-18T00:00:00.000"
"900478966","UNGRD","Contratación directa","44666666.67","2023-08-17T00:00:00.000","2023-08-18T00:00:00.000","2023-12-31T00:00:00.000"
"900478966","UNGRD","Mínima cuantía","18573100.0","2021-03-12T00:00:00.000","","2021-03-26T00:00:00.000"
"900478966","UNGRD","Mínima cuantía","19527900.0","2019-07-31T00:00:00.000","2019-08-01T00:00:00.000","2019-08-30T00:00:00.000"
"900478966","UNGRD","Mínima cuantía","28545433.33","2021-11-10T00:00:00.000","2021-11-17T00:00:00.000","2021-12-31T00:00:00.000"
"900478966","UNGRD","Contratación directa","76291567.0","2021-03-08T00:00:00.000","2021-03-09T00:00:00.000","2021-12-29T00:00:00.000"
"900478966","UNGRD","Contratación directa","57755736.0","2022-01-25T00:00:00.000","2022-01-26T00:00:00.000","2023-01-25T00:00:00.000"
"900478966","UNGRD","Concurso de méritos abierto","1996044120.0","","","2023-03-31T00:00:00.000"
"900478966","UNGRD","Contratación Directa (con ofertas)","11556090.0","2021-12-06T00:00:00.000","","2021-12-23T00:00:00.000"
"900478966","UNGRD","Contratación directa","47006751.8","2021-03-04T00:00:00.000","","2021-12-27T00:00:00.000"
"900478966","UNGRD","Contratación directa","20087466.67","2018-01-05T00:00:00.000","2018-01-05T00:00:00.000","2018-06-30T00:00:00.000"
"900478966","UNGRD","Licitación pública","5603286141.0","","","2023-09-21T00:00:00.000"
"900478966","UNGRD","Contratación Directa (con ofertas)","20000000.0","2022-01-26T00:00:00.000","2022-01-26T00:00:00.000","2022-12-23T00:00:00.000"
"900478966","UNGRD","Licitación pública","1295234136.0","","","2021-10-19T00:00:00.000"
"900478966","UNGRD","Licitación pública","17941180342.0","","","2026-07-10T00:00:00.000"
"900478966","UNGRD","Contratación directa","104400000.0","2026-01-13T00:00:00.000","2026-01-14T00:00:00.000","2026-12-31T00:00:00.000"
"900478966","UNGRD","Contratación directa","37866666.67","","","2026-12-31T00:00:00.000"
"900478966","UNGRD","Mínima cuantía","11538240.0","2021-09-27T00:00:00.000","","2021-11-03T00:00:00.000"
"900478966","UNGRD","Contratación directa","20199888.0","2019-01-09T00:00:00.000","2019-01-10T00:00:00.000","2019-06-30T00:00:00.000"
"900478966","UNGRD","Selección Abreviada de Menor Cuantía","115668000.0","2020-09-02T00:00:00.000","","2020-12-31T00:00:00.000"
"900478966","UNGRD","Contratación directa","14923333.33","2023-10-13T00:00:00.000","2023-10-17T00:00:00.000","2023-12-30T00:00:00.000"
"900478966","UNGRD","Selección Abreviada de Menor Cuantía","97219239.0","2020-05-28T00:00:00.000","2020-05-27T00:00:00.000","2020-06-26T00:00:00.000"
"900478966","UNGRD","Contratación directa","19500000.0","2023-10-12T00:00:00.000","2023-10-13T00:00:00.000","2023-12-30T00:00:00.000"
"900478966","UNGRD","Mínima cuantía","8401659.0","2019-12-24T00:00:00.000","2019-12-24T00:00:00.000","2019-12-31T00:00:00.000"
"900478966","UNGRD","Contratación directa","28877868.0","2021-01-15T00:00:00.000","2021-01-16T00:00:00.000","2021-07-17T00:00:00.000"
"900478966","UNGRD","Contratación directa","84520584.0","2022-01-11T00:00:00.000","2022-01-12T00:00:00.000","2022-08-04T00:00:00.000"
"900478966","UNGRD","Mínima cuantía","1029350.0","2018-11-22T00:00:00.000","2018-11-23T00:00:00.000","2018-11-30T00:00:00.000"
"900478966","UNGRD","Contratación directa","57939643.67","2021-05-12T00:00:00.000","2021-05-13T00:00:00.000","2021-12-23T00:00:00.000"
"900478966","UNGRD","Contratación directa","42536066.0","2018-01-03T00:00:00.000","2018-01-03T00:00:00.000","2018-06-30T00:00:00.000"
"900478966","UNGRD","Contratación directa","29934373.5","2020-07-28T00:00:00.000","","2020-12-31T00:00:00.000"
"900478966","UNGRD","Concurso de méritos abierto","8044745201.82","","","2026-10-20T00:00:00.000"
"900478966","UNGRD","Contratación Directa (con ofertas)","2333600.0","2022-09-22T00:00:00.000","2022-10-04T00:00:00.000","2022-11-03T00:00:00.000"
"900478966","UNGRD","Mínima cuantía","18476990.0","","",""
"900478966","UNGRD","Contratación directa","10800000.0","2023-11-07T00:00:00.000","2023-11-08T00:00:00.000","2023-12-31T00:00:00.000"
"900478966","UNGRD","Selección Abreviada de Menor Cuantía","122213000.0","2018-04-17T00:00:00.000","2018-04-17T00:00:00.000","2018-12-31T00:00:00.000"
"900478966","UNGRD","Contratación directa","51765000.0","2023-09-26T00:00:00.000","2023-09-27T00:00:00.000","2023-12-26T00:00:00.000"
"900478966","UNGRD","Contratación directa","92576000.0","2026-01-23T00:00:00.000","2026-01-24T00:00:00.000","2026-12-23T00:00:00.000"
"900478966","UNGRD","Contratación directa","5936006.2","2020-11-24T00:00:00.000","","2020-12-31T00:00:00.000"
"900478966","UNGRD","Contratación directa","6063333.33","2018-11-06T00:00:00.000","2018-11-07T00:00:00.000","2018-12-26T00:00:00.000"
"900478966","UNGRD","Contratación directa","2523879.0","2020-11-26T00:00:00.000","2020-11-27T00:00:00.000","2020-12-26T00:00:00.000"
"900478966","UNGRD","Contratación directa","78651100.0","2022-01-25T00:00:00.000","2022-01-25T00:00:00.000","2022-11-25T00:00:00.000"
"900478966","UNGRD","Contratación directa","49000000.0","2025-02-12T00:00:00.000","2025-02-14T00:00:00.000","2025-12-13T00:00:00.000"
"900478966","UNGRD","Contratación directa","27720133.0","2018-08-31T00:00:00.000","2018-08-31T00:00:00.000","2018-12-26T00:00:00.000"
"900478966","UNGRD","Selección abreviada subasta inversa","1000000000.0","","","2024-10-06T00:00:00.000"
"900478966","UNGRD","Contratación directa","27790055.33","2023-03-14T00:00:00.000","2023-03-15T00:00:00.000","2023-06-30T00:00:00.000"
"900478966","UNGRD","Contratación directa","30000000.0","","","2026-12-23T00:00:00.000"
"900478966","UNGRD","Contratación directa","24145109.1","2021-03-10T00:00:00.000","2021-03-11T00:00:00.000","2021-12-27T00:00:00.000"
"900478966","UNGRD","Contratación directa","19200000.0","2023-04-26T00:00:00.000","2023-04-27T00:00:00.000","2023-06-30T00:00:00.000"
"900478966","UNGRD","Mínima cuantía","4280000.0","2018-12-19T00:00:00.000","2018-12-19T00:00:00.000","2018-12-26T00:00:00.000"
"900478966","UNGRD","Contratación directa","42058133.0","2018-01-05T00:00:00.000","2018-01-05T00:00:00.000","2018-06-30T00:00:00.000"
"900478966","UNGRD","Contratación directa","87100000.0","2025-02-18T00:00:00.000","2025-02-19T00:00:00.000","2025-12-18T00:00:00.000"
"900478966","UNGRD","Contratación directa","60000000.0","2023-02-01T00:00:00.000","2023-02-02T00:00:00.000","2023-07-01T00:00:00.000"
"900478966","UNGRD","Contratación Directa (con ofertas)","19558840.0","2020-12-07T00:00:00.000","","2020-12-31T00:00:00.000"
"900478966","UNGRD","Contratación directa","24500000.0","2023-08-04T00:00:00.000","2023-08-05T00:00:00.000","2023-12-31T00:00:00.000"
"900478966","UNGRD","Selección Abreviada de Menor Cuantía","825421200.0","","","2026-05-30T00:00:00.000"
"900478966","UNGRD","Contratación directa","18876264.0","2023-01-19T00:00:00.000","2023-01-20T00:00:00.000","2023-03-31T00:00:00.000"
"900478966","UNGRD","Contratación directa","19251912.0","2023-02-02T00:00:00.000","2023-02-03T00:00:00.000","2023-06-02T00:00:00.000"
"900478966","UNGRD","Licitación pública","425806013.0","","","2021-10-14T00:00:00.000"
"900478966","UNGRD","Contratación directa","31460440.0","2023-02-17T00:00:00.000","2023-02-20T00:00:00.000","2023-06-19T00:00:00.000"
"900478966","UNGRD","Contratación directa","8000000.0","2023-11-01T00:00:00.000","2023-11-02T00:00:00.000","2023-12-31T00:00:00.000"
"900478966","UNGRD","Selección abreviada subasta inversa","437357218.18","","","2020-10-31T00:00:00.000"
"900478966","UNGRD","Mínima cuantía","7915039.0","2021-05-26T00:00:00.000","2021-06-03T00:00:00.000","2021-09-02T00:00:00.000"
"900478966","UNGRD","Contratación directa","89400083.66","2022-01-12T00:00:00.000","2022-01-13T00:00:00.000","2022-12-23T00:00:00.000"
"900478966","UNGRD","Mínima cuantía","5176500.0","2021-04-27T00:00:00.000","","2021-05-07T00:00:00.000"
"900478966","UNGRD","Contratación directa","35994800.0","2023-09-12T00:00:00.000","2023-09-13T00:00:00.000","2023-12-29T00:00:00.000"
"900478966","UNGRD","Contratación directa","96039451.59","2021-07-08T00:00:00.000","2021-07-09T00:00:00.000","2021-12-23T00:00:00.000"
"900478966","UNGRD","Contratación directa","108000000.0","2023-12-29T00:00:00.000","2024-01-02T00:00:00.000","2024-12-31T00:00:00.000"
"900478966","UNGRD","Contratación directa","8602800.0","2018-11-20T00:00:00.000","2018-11-21T00:00:00.000","2018-12-26T00:00:00.000"
"900478966","UNGRD","Contratación directa","72598500.0","2025-02-11T00:00:00.000","2025-02-12T00:00:00.000","2025-12-11T00:00:00.000"
"900478966","UNGRD","Concurso de méritos abierto","1548264493.0","","","2026-12-31T00:00:00.000"
"900478966","UNGRD","Contratación directa","13621100.0","2018-10-29T00:00:00.000","2018-10-30T00:00:00.000","2018-12-26T00:00:00.000"
"900478966","UNGRD","Selección Abreviada de Menor Cuantía","484192892.0","","","2022-09-15T00:00:00.000"
"900478966","UNGRD","Contratación directa","30936099.33","2021-08-25T00:00:00.000","2021-08-26T00:00:00.000","2021-12-23T00:00:00.000"
"900478966","UNGRD","Selección abreviada subasta inversa","714168742.0","","","2026-03-12T00:00:00.000"
"900478966","UNGRD","Contratación directa","22120000.0","2024-09-28T00:00:00.000","2024-10-01T00:00:00.000","2024-12-23T00:00:00.000"
"900478966","UNGRD","Licitación pública","11147000000.0","","","2020-05-08T00:00:00.000"
"900478966","UNGRD","Selección Abreviada de Menor Cuantía","1779121635.0","","","2024-12-24T00:00:00.000"
"900478966","UNGRD","Mínima cuantía","44684500.0","","","2025-12-31T00:00:00.000"
"900478966","UNGRD","Contratación directa","162000000.0","2025-02-05T00:00:00.000","2025-02-12T00:00:00.000","2026-08-11T00:00:00.000"
"900478966","UNGRD","Contratación directa","21342933.0","2018-01-05T00:00:00.000","2018-01-05T00:00:00.000","2018-06-30T00:00:00.000"
"900478966","UNGRD","Selección abreviada subasta inversa","407490983.0","","",""
"900478966","UNGRD","Mínima cuantía","19800000.0","2023-09-11T00:00:00.000","2023-09-14T00:00:00.000","2023-12-20T00:00:00.000"
"900478966","UNGRD","Contratación directa","70200000.0","2025-02-12T00:00:00.000","2025-02-13T00:00:00.000","2025-12-12T00:00:00.000"
"900478966","UNGRD","Mínima cuantía","43154041.0","","","2024-01-31T00:00:00.000"
"900478966","UNGRD","Contratación directa","27720133.33","2018-08-30T00:00:00.000","2018-08-31T00:00:00.000","2018-12-26T00:00:00.000"
"900478966","UNGRD","Contratación directa","18147200.0","2018-01-22T00:00:00.000","2018-01-22T00:00:00.000","2018-06-30T00:00:00.000"
"900478966","UNGRD","Mínima cuantía","25186000.0","2023-06-08T00:00:00.000","2023-06-14T00:00:00.000","2023-06-21T00:00:00.000"
"900478966","UNGRD","Mínima cuantía","826000.0","","",""
"900478966","UNGRD","Contratación directa","47190660.0","2021-02-23T00:00:00.000","2021-02-24T00:00:00.000","2021-08-23T00:00:00.000"
"900478966","UNGRD","Contratación directa","68900000.0","2024-02-29T00:00:00.000","2024-03-01T00:00:00.000","2024-12-30T00:00:00.000"
"900478966","UNGRD","Licitación pública","1055708500.0","2025-05-20T00:00:00.000","","2026-04-13T00:00:00.000"
"900478966","UNGRD","Contratación Directa (con ofertas)","70266442.89","2024-04-15T00:00:00.000","2024-04-16T00:00:00.000","2024-12-31T00:00:00.000"
"900478966","UNGRD","Mínima cuantía","18900000.0","","",""
"900478966","UNGRD","Contratación directa","41321170.0","2022-01-21T00:00:00.000","2022-01-24T00:00:00.000","2022-12-23T00:00:00.000"
"900478966","UNGRD","Selección abreviada subasta inversa","75171099.0","","","2021-12-02T00:00:00.000"
"900478966","UNGRD","Contratación directa","192078903.17","2022-01-18T00:00:00.000","2022-01-19T00:00:00.000","2022-12-18T00:00:00.000"
"900478966","UNGRD","Selección abreviada subasta inversa","126780284.2","","","2025-12-31T00:00:00.000"
"900478966","UNGRD","Selección Abreviada de Menor Cuantía","311220700.0","","","2023-04-07T00:00:00.000"
"900478966","UNGRD","Contratación directa","48129780.0","2022-01-24T00:00:00.000","2022-01-25T00:00:00.000","2022-11-24T00:00:00.000"
"900478966","UNGRD","Contratación directa","92576000.0","2026-01-22T00:00:00.000","2026-01-23T00:00:00.000","2026-12-22T00:00:00.000"
"900478966","UNGRD","Contratación directa","0.0","","","2020-12-31T00:00:00.000"
"900478966","UNGRD","Selección abreviada subasta inversa","700000000.0","","","2023-12-31T00:00:00.000"
"900478966","UNGRD","Contratación directa","38400000.0","2024-07-29T00:00:00.000","2024-07-30T00:00:00.000","2024-12-23T00:00:00.000"
"900478966","UNGRD","Licitación pública","82550300.0","","","2023-12-21T00:00:00.000"
"900478966","UNGRD","Selección abreviada subasta inversa","1156620005.1","","","2025-07-31T00:00:00.000"
"900478966","UNGRD","Contratación directa","3991250.0","2020-11-27T00:00:00.000","","2020-12-27T00:00:00.000"
"900478966","UNGRD","Contratación directa","102481208.1","2021-03-08T00:00:00.000","2021-03-09T00:00:00.000","2021-12-29T00:00:00.000"
"900478966","UNGRD","Contratación directa","73966666.67","2024-02-14T00:00:00.000","2024-02-15T00:00:00.000","2024-12-31T00:00:00.000"
"900478966","UNGRD","Contratación directa","92576000.0","2026-01-22T00:00:00.000","2026-01-23T00:00:00.000","2026-12-22T00:00:00.000"
"900478966","UNGRD","Concurso de méritos abierto","250000000.0","","",""
"900478966","UNGRD","Contratación directa","22284478.33","2021-09-28T00:00:00.000","2021-09-29T00:00:00.000","2021-12-23T00:00:00.000"
"900478966","UNGRD","Contratación Directa (con ofertas)","22059030.0","2018-09-28T00:00:00.000","2018-09-28T00:00:00.000","2018-10-15T00:00:00.000"
"900478966","UNGRD","Contratación directa","78651100.0","2022-01-20T00:00:00.000","2022-01-21T00:00:00.000","2022-11-20T00:00:00.000"
"900478966","UNGRD","Contratación directa","64600000.0","2025-05-05T00:00:00.000","2025-05-06T00:00:00.000","2025-12-23T00:00:00.000"
"900478966","UNGRD","Licitación pública","1387707459.0","2026-04-20T00:00:00.000","2026-05-12T00:00:00.000","2027-05-29T00:00:00.000"
"900478966","UNGRD","Contratación Directa (con ofertas)","23605895.0","2020-04-21T00:00:00.000","2020-04-21T00:00:00.000","2020-12-31T00:00:00.000"
"900478966","UNGRD","Contratación directa","20087466.67","2018-01-05T00:00:00.000","2018-01-05T00:00:00.000","2018-06-30T00:00:00.000"
"900478966","UNGRD","Contratación directa","99000000.0","2022-01-06T00:00:00.000","2022-01-07T00:00:00.000","2022-12-06T00:00:00.000"
"900478966","UNGRD","Contratación Directa (con ofertas)","9969960.0","2022-12-23T00:00:00.000","2022-12-26T00:00:00.000","2022-12-27T00:00:00.000"
"900478966","UNGRD","Contratación directa","44777777.74","2024-07-18T00:00:00.000","2024-07-19T00:00:00.000","2024-12-23T00:00:00.000"
"900478966","UNGRD","Mínima cuantía","166600.0","","",""
"900478966","UNGRD","Mínima cuantía","11049150.0","2018-02-28T00:00:00.000","2018-02-26T00:00:00.000","2018-02-28T00:00:00.000"
"900478966","UNGRD","Contratación directa","11470400.0","2018-11-08T00:00:00.000","2018-11-09T00:00:00.000","2018-12-26T00:00:00.000"
"900478966","UNGRD","Contratación directa","90400000.0","2026-01-23T00:00:00.000","2026-01-24T00:00:00.000","2026-12-31T00:00:00.000"
"900478966","UNGRD","Concurso de méritos abierto","77409500.0","","","2022-10-01T00:00:00.000"
"900478966","UNGRD","Contratación directa","27500000.0","2026-01-28T00:00:00.000","2026-01-29T00:00:00.000","2026-06-28T00:00:00.000"
"900478966","UNGRD","Mínima cuantía","9436700.0","2023-05-08T00:00:00.000","2023-08-08T00:00:00.000","2023-08-22T00:00:00.000"
"900478966","UNGRD","Contratación directa","63977386.5","2022-01-26T00:00:00.000","2022-01-27T00:00:00.000","2022-12-23T00:00:00.000"
"900478966","UNGRD","Contratación directa","118800000.0","2025-01-29T00:00:00.000","2025-01-30T00:00:00.000","2025-12-23T00:00:00.000"
"900478966","UNGRD","Contratación directa","19823208.33","2021-08-02T00:00:00.000","2021-08-03T00:00:00.000","2021-12-31T00:00:00.000"
"900478966","UNGRD","Contratación directa","10053333.33","2023-11-20T00:00:00.000","2023-11-21T00:00:00.000","2023-12-30T00:00:00.000"
"900478966","UNGRD","Licitación pública","505000000.0","","",""
"900478966","UNGRD","Contratación directa","79000000.0","2025-02-17T00:00:00.000","2025-02-19T00:00:00.000","2025-12-18T00:00:00.000"
"900478966","UNGRD","Mínima cuantía","24666320.0","2021-07-26T00:00:00.000","","2021-09-11T00:00:00.000"
"900478966","UNGRD","Contratación directa","8645866.67","2023-11-17T00:00:00.000","2023-11-18T00:00:00.000","2023-12-30T00:00:00.000"
"900478966","UNGRD","Contratación directa","63183120.0","2026-01-23T00:00:00.000","2026-01-23T00:00:00.000","2026-12-22T00:00:00.000"
"900478966","UNGRD","Contratación directa","38014698.33","2021-07-28T00:00:00.000","2021-07-29T00:00:00.000","2021-12-23T00:00:00.000"
"900478966","UNGRD","Contratación directa","27641666.0","2018-01-26T00:00:00.000","2018-01-26T00:00:00.000","2018-06-30T00:00:00.000"
"900478966","UNGRD","Concurso de méritos abierto","0.01","2019-08-16T00:00:00.000","2019-08-16T00:00:00.000","2020-12-31T00:00:00.000"
"900478966","UNGRD","Contratación directa","0.0","","",""
"900478966","UNGRD","Contratación directa","169229301.0","2021-07-30T00:00:00.000","2021-08-13T00:00:00.000","2021-12-23T00:00:00.000"
"900478966","UNGRD","Contratación directa","84160000.0","2026-01-28T00:00:00.000","2026-01-29T00:00:00.000","2026-11-28T00:00:00.000"
"900478966","UNGRD","Contratación directa","28676000.0","2018-01-26T00:00:00.000","2018-01-26T00:00:00.000","2018-04-25T00:00:00.000"
"900478966","UNGRD","Mínima cuantía","4498200.0","2020-05-27T00:00:00.000","","2020-06-07T00:00:00.000"
"900478966","UNGRD","Contratación directa","33000000.0","2026-01-28T00:00:00.000","2026-01-29T00:00:00.000","2026-07-28T00:00:00.000"
"900478966","UNGRD","Contratación directa","24388000.0","2024-09-28T00:00:00.000","2024-10-01T00:00:00.000","2024-12-23T00:00:00.000"
"900478966","UNGRD","Contratación directa","30673333.0","2018-01-09T00:00:00.000","2018-01-09T00:00:00.000","2018-06-30T00:00:00.000"
"900478966","UNGRD","Contratación directa","6134666.67","2018-09-26T00:00:00.000","2018-09-27T00:00:00.000","2018-12-16T00:00:00.000"
"900478966","UNGRD","Selección abreviada subasta inversa","160000000.0","2024-06-20T00:00:00.000","2024-06-25T00:00:00.000","2024-12-20T00:00:00.000"
"900478966","UNGRD","Contratación directa","14449999.93","2023-11-09T00:00:00.000","2023-11-10T00:00:00.000","2023-12-30T00:00:00.000"
"900478966","UNGRD","Contratación directa","0.0","","",""
"900478966","UNGRD","Contratación directa","115000000.0","2025-02-12T00:00:00.000","2025-02-13T00:00:00.000","2025-12-12T00:00:00.000"
"900478966","UNGRD","Mínima cuantía","9329600.0","2019-10-22T00:00:00.000","2019-10-24T00:00:00.000","2019-10-30T00:00:00.000"
"900478966","UNGRD","Contratación directa","30000000.0","2025-05-22T00:00:00.000","2025-06-10T00:00:00.000","2026-06-16T00:00:00.000"
"900478966","UNGRD","Mínima cuantía","30387200.0","2022-05-12T00:00:00.000","2022-05-20T00:00:00.000","2022-06-30T00:00:00.000"
"900478966","UNGRD","Contratación directa","78651100.0","2022-01-24T00:00:00.000","2022-01-25T00:00:00.000","2022-11-24T00:00:00.000"
"900478966","UNGRD","Contratación directa","24420967.0","2018-01-15T00:00:00.000","2018-01-15T00:00:00.000","2018-06-30T00:00:00.000"
"900478966","UNGRD","Contratación directa","42046185.0","2019-01-11T00:00:00.000","2019-01-12T00:00:00.000","2019-06-30T00:00:00.000"
"900478966","UNGRD","Contratación directa","22538820.0","2021-01-13T00:00:00.000","2021-01-14T00:00:00.000","2021-07-13T00:00:00.000"
"900478966","UNGRD","Concurso de méritos abierto","270000000.0","2021-07-23T00:00:00.000","","2022-01-25T00:00:00.000"
"900478966","UNGRD","Contratación directa","47615000.0","2025-01-31T00:00:00.000","2025-02-03T00:00:00.000","2025-12-23T00:00:00.000"
"900478966","UNGRD","Contratación directa","60000000.0","2025-02-17T00:00:00.000","2025-02-18T00:00:00.000","2025-12-17T00:00:00.000"
"900478966","UNGRD","Contratación directa","108000000.0","2025-01-29T00:00:00.000","2025-01-30T00:00:00.000","2026-01-29T00:00:00.000"
"900478966","UNGRD","Contratación directa","48300000.0","2025-05-22T00:00:00.000","2025-05-26T00:00:00.000","2025-12-22T00:00:00.000"
"900478966","UNGRD","Contratación directa","10675033.67","2018-10-18T00:00:00.000","2018-10-19T00:00:00.000","2018-12-26T00:00:00.000"
"900478966","UNGRD","Contratación directa","47190660.0","2021-01-06T00:00:00.000","2021-01-07T00:00:00.000","2021-07-06T00:00:00.000"
"900478966","UNGRD","Contratación directa","155466666.67","2025-05-08T00:00:00.000","2025-05-09T00:00:00.000","2026-07-12T00:00:00.000"
"900478966","UNGRD","Contratación directa","41304193.0","2019-01-14T00:00:00.000","2019-01-15T00:00:00.000","2019-06-30T00:00:00.000"
"900478966","UNGRD","Contratación directa","9797633.0","2018-11-15T00:00:00.000","2018-11-16T00:00:00.000","2018-12-26T00:00:00.000"
"900478966","UNGRD","Contratación directa","40562202.0","2019-01-17T00:00:00.000","2019-01-18T00:00:00.000","2019-06-30T00:00:00.000"
"900478966","UNGRD","Mínima cuantía","7290350.0","2019-09-16T00:00:00.000","2019-09-17T00:00:00.000","2019-12-31T00:00:00.000"
"900478966","UNGRD","Mínima cuantía","33108453.0","","",""
"900478966","UNGRD","Licitación pública","1496665771.08","","","2024-10-22T00:00:00.000"
"900478966","UNGRD","Contratación directa","45367208.33","2021-01-20T00:00:00.000","2021-01-21T00:00:00.000","2021-12-31T00:00:00.000"
"900478966","UNGRD","Contratación directa","20284938.0","2021-07-15T00:00:00.000","2021-07-16T00:00:00.000","2021-12-27T00:00:00.000"
"900478966","UNGRD","Selección Abreviada de Menor Cuantía","184193247.0","","","2021-05-03T00:00:00.000"
"900478966","UNGRD","Contratación Directa (con ofertas)","26232360.0","2021-12-14T00:00:00.000","2021-12-21T00:00:00.000","2021-12-23T00:00:00.000"
"900478966","UNGRD","Contratación directa","0.0","","","2026-12-21T00:00:00.000"
"900478966","UNGRD","Selección Abreviada de Menor Cuantía","100153239.0","","","2023-02-15T00:00:00.000"
"900478966","UNGRD","Selección Abreviada de Menor Cuantía","81631308.0","","",""
"900478966","UNGRD","Contratación directa","15698916.67","2021-08-25T00:00:00.000","2021-08-26T00:00:00.000","2021-12-23T00:00:00.000"
"900478966","UNGRD","Contratación directa","62100000.0","2024-02-08T00:00:00.000","2024-02-09T00:00:00.000","2024-08-08T00:00:00.000"
"900478966","UNGRD","Contratación directa","31386667.0","2018-01-05T00:00:00.000","2018-01-05T00:00:00.000","2018-06-30T00:00:00.000"
"900478966","UNGRD","Contratación directa","20073200.08","2018-10-02T00:00:00.000","2018-10-03T00:00:00.000","2018-12-26T00:00:00.000"
"900478966","UNGRD","Contratación directa","115500000.0","2026-01-23T00:00:00.000","2026-01-24T00:00:00.000","2026-12-23T00:00:00.000"
"900478966","UNGRD","Selección abreviada subasta inversa","402232495.0","","",""
"900478966","UNGRD","Mínima cuantía","18150000.0","2020-03-25T00:00:00.000","2020-03-25T00:00:00.000","2020-04-08T00:00:00.000"
"900478966","UNGRD","Contratación directa","23947500.0","2021-01-06T00:00:00.000","2021-01-07T00:00:00.000","2021-07-06T00:00:00.000"
"900478966","UNGRD","Concurso de méritos abierto","0.0","","","2024-08-07T00:00:00.000"
"900478966","UNGRD","Contratación Directa (con ofertas)","389434928.0","2021-06-16T00:00:00.000","2021-06-18T00:00:00.000","2021-12-31T00:00:00.000"
"900478966","UNGRD","Contratación directa","0.0","","","2022-09-26T00:00:00.000"
"900478966","UNGRD","Contratación directa","31200000.0","2024-02-12T00:00:00.000","2024-02-13T00:00:00.000","2024-08-12T00:00:00.000"
"900478966","UNGRD","Contratación directa","29347425.0","2023-03-13T00:00:00.000","2023-03-14T00:00:00.000","2023-08-13T00:00:00.000"
"900478966","UNGRD","Contratación directa","48124533.33","2023-08-23T00:00:00.000","2023-08-24T00:00:00.000","2023-12-30T00:00:00.000"
"900478966","UNGRD","Contratación directa","18720000.0","2024-10-03T00:00:00.000","2024-10-04T00:00:00.000","2024-12-23T00:00:00.000"
"900478966","UNGRD","Contratación directa","41321170.0","2022-01-20T00:00:00.000","2022-01-21T00:00:00.000","2022-12-20T00:00:00.000"
"900478966","UNGRD","Contratación directa","38566425.33","2021-02-15T00:00:00.000","2021-02-16T00:00:00.000","2021-12-23T00:00:00.000"
"900478966","UNGRD","Contratación directa","30495000.0","2018-01-10T00:00:00.000","2018-01-10T00:00:00.000","2018-06-30T00:00:00.000"
"900478966","UNGRD","Contratación directa","18170000.0","2024-10-11T00:00:00.000","2024-10-16T00:00:00.000","2024-12-23T00:00:00.000"
"900478966","UNGRD","Contratación directa","20201600.0","2018-01-04T00:00:00.000","2018-01-04T00:00:00.000","2018-06-30T00:00:00.000"
"900478966","UNGRD","Selección Abreviada de Menor Cuantía","121960080.0","2019-09-04T00:00:00.000","2019-09-05T00:00:00.000","2019-12-31T00:00:00.000"
"900478966","UNGRD","Contratación Directa (con ofertas)","20000000.0","2023-06-16T00:00:00.000","2023-06-21T00:00:00.000","2023-12-22T00:00:00.000"
"900478966","UNGRD","Contratación directa","12572436.87","2020-11-26T00:00:00.000","2020-11-27T00:00:00.000","2020-12-26T00:00:00.000"
"900478966","UNGRD","Contratación directa","27248400.0","","","2023-12-24T00:00:00.000"
"900478966","UNGRD","Contratación directa","87100000.0","2025-02-11T00:00:00.000","2025-02-12T00:00:00.000","2025-12-11T00:00:00.000"
"900478966","UNGRD","Contratación directa","105948000.0","2025-01-24T00:00:00.000","2025-01-27T00:00:00.000","2025-12-23T00:00:00.000"
"900478966","UNGRD","Contratación directa","49140000.0","2024-01-15T00:00:00.000","2024-01-16T00:00:00.000","2024-07-15T00:00:00.000"
"900478966","UNGRD","Contratación directa","47190660.0","2022-01-27T00:00:00.000","2022-01-28T00:00:00.000","2022-07-27T00:00:00.000"
"900478966","UNGRD","Contratación directa","38830889.0","2019-01-24T00:00:00.000","2019-01-25T00:00:00.000","2019-06-30T00:00:00.000"
"900478966","UNGRD","Contratación directa","11470400.0","2018-11-08T00:00:00.000","2018-11-09T00:00:00.000","2018-12-26T00:00:00.000"
"900478966","UNGRD","Selección Abreviada de Menor Cuantía","49331451.0","2018-11-23T00:00:00.000","2018-11-23T00:00:00.000","2018-12-26T00:00:00.000"
"900478966","UNGRD","Contratación directa","12619395.0","2023-03-16T00:00:00.000","2023-03-21T00:00:00.000","2023-08-20T00:00:00.000"
"900478966","UNGRD","Contratación directa","3689949.8","2022-11-30T00:00:00.000","","2022-12-24T00:00:00.000"
"900478966","UNGRD","Concurso de méritos abierto","504283146.0","","",""
"900478966","UNGRD","Mínima cuantía","9987000.0","","","2020-07-23T00:00:00.000"
"900478966","UNGRD","Contratación directa","35936896.33","2021-03-10T00:00:00.000","2021-03-11T00:00:00.000","2021-12-27T00:00:00.000"
"900478966","UNGRD","Licitación pública","18368454382.0","","","2026-07-10T00:00:00.000"
"900478966","UNGRD","Mínima cuantía","9329600.0","2020-11-10T00:00:00.000","","2020-11-27T00:00:00.000"
"900478966","UNGRD","Contratación directa","40820307.33","2022-01-27T00:00:00.000","2022-01-28T00:00:00.000","2022-12-23T00:00:00.000"
"900478966","UNGRD","Contratación directa","73932034.0","2021-03-11T00:00:00.000","2021-03-12T00:00:00.000","2021-12-23T00:00:00.000"
"900478966","UNGRD","Contratación directa","66000000.0","2026-01-23T00:00:00.000","2026-01-24T00:00:00.000","2026-12-23T00:00:00.000"
"900478966","UNGRD","Contratación directa","86900000.0","2026-01-24T00:00:00.000","2026-01-24T00:00:00.000","2026-12-23T00:00:00.000"
"900478966","UNGRD","Contratación directa","50360357.67","2023-08-04T00:00:00.000","2023-08-08T00:00:00.000","2023-12-30T00:00:00.000"
"900478966","UNGRD","Contratación directa","21536119.45","","","2022-12-23T00:00:00.000"
"900478966","UNGRD","Contratación directa","27500000.0","2026-01-28T00:00:00.000","2026-01-29T00:00:00.000","2026-06-28T00:00:00.000"
"900478966","UNGRD","Contratación directa","41056863.0","2019-01-15T00:00:00.000","2019-01-16T00:00:00.000","2019-06-15T00:00:00.000"
"900478966","UNGRD","Contratación directa","69846873.88","2023-02-02T00:00:00.000","2023-02-03T00:00:00.000","2023-06-02T00:00:00.000"
"900478966","UNGRD","Contratación directa","27003233.0","2018-09-03T00:00:00.000","2018-09-04T00:00:00.000","2018-12-26T00:00:00.000"
"900478966","UNGRD","Contratación directa","16469124.0","2018-01-26T00:00:00.000","2018-01-26T00:00:00.000","2018-03-25T00:00:00.000"
"900478966","UNGRD","Contratación directa","92576000.0","2026-01-21T00:00:00.000","2026-01-22T00:00:00.000","2026-12-21T00:00:00.000"
"900478966","UNGRD","Contratación directa","15086924.24","2022-11-17T00:00:00.000","2022-11-18T00:00:00.000","2022-12-23T00:00:00.000"
"900478966","UNGRD","Selección Abreviada de Menor Cuantía","598100150.0","2024-10-29T00:00:00.000","2024-10-30T00:00:00.000","2025-05-20T00:00:00.000"
"900478966","UNGRD","Contratación directa","39325550.0","2023-03-13T00:00:00.000","2023-03-14T00:00:00.000","2023-08-13T00:00:00.000"
"900478966","UNGRD","Concurso de méritos abierto","240667980.0","","",""
"900478966","UNGRD","Selección abreviada subasta inversa","58596269.35","2019-07-26T00:00:00.000","2019-07-29T00:00:00.000","2019-12-31T00:00:00.000"
"900478966","UNGRD","Contratación directa","13066666.66","2024-10-03T00:00:00.000","2024-10-04T00:00:00.000","2024-12-23T00:00:00.000"
"900478966","UNGRD","Contratación directa","42297100.0","2018-01-04T00:00:00.000","2018-01-04T00:00:00.000","2018-06-30T00:00:00.000"
"900478966","UNGRD","Contratación directa","57120000.0","2025-02-12T00:00:00.000","2025-02-13T00:00:00.000","2025-05-12T00:00:00.000"
"900478966","UNGRD","Mínima cuantía","9151522.0","2020-12-28T00:00:00.000","","2020-12-30T00:00:00.000"
"900478966","UNGRD","Contratación directa","23947500.0","2022-01-06T00:00:00.000","2022-01-07T00:00:00.000","2022-07-06T00:00:00.000"
"900478966","UNGRD","Contratación directa","13496266.0","2018-01-05T00:00:00.000","2018-01-05T00:00:00.000","2018-06-30T00:00:00.000"
"900478966","UNGRD","Selección Abreviada de Menor Cuantía","580212003.44","","","2023-09-04T00:00:00.000"
"900478966","UNGRD","Contratación directa","51495400.0","2026-01-22T00:00:00.000","2026-01-22T00:00:00.000","2026-12-21T00:00:00.000"
"900478966","UNGRD","Licitación pública","798751800.0","2019-06-18T00:00:00.000","2019-05-16T00:00:00.000","2020-02-16T00:00:00.000"
"900478966","UNGRD","Contratación directa","31386666.0","2018-01-05T00:00:00.000","2018-01-05T00:00:00.000","2018-06-30T00:00:00.000"
"900478966","UNGRD","Contratación directa","50289747.48","2023-02-06T00:00:00.000","2023-02-07T00:00:00.000","2023-06-06T00:00:00.000"
"900478966","UNGRD","Contratación directa","7888000.0","2023-10-23T00:00:00.000","2023-10-24T00:00:00.000","2023-12-31T00:00:00.000"
"900478966","UNGRD","Contratación directa","27195281.0","2020-08-13T00:00:00.000","","2020-12-31T00:00:00.000"
"900478966","UNGRD","Contratación directa","38981208.33","2021-03-04T00:00:00.000","","2021-12-27T00:00:00.000"
"900478966","UNGRD","Contratación directa","87100000.0","2026-01-27T00:00:00.000","2026-01-28T00:00:00.000","2026-11-27T00:00:00.000"
"900478966","UNGRD","Contratación directa","16800000.0","2024-10-18T00:00:00.000","2024-10-21T00:00:00.000","2024-12-23T00:00:00.000"
"900478966","UNGRD","Contratación directa","101776869.9","2021-03-04T00:00:00.000","2021-03-05T00:00:00.000","2021-12-23T00:00:00.000"
"900478966","UNGRD","Contratación directa","47190660.0","2022-01-21T00:00:00.000","2022-01-22T00:00:00.000","2022-07-21T00:00:00.000"
"900478966","UNGRD","Selección abreviada subasta inversa","750000000.0","","","2022-12-23T00:00:00.000"
"900478966","UNGRD","Contratación directa","24388000.0","2024-09-28T00:00:00.000","2024-10-01T00:00:00.000","2024-12-23T00:00:00.000"
"900478966","UNGRD","Contratación directa","35216910.0","2020-01-16T00:00:00.000","2020-01-16T00:00:00.000","2020-07-14T00:00:00.000"
"900478966","UNGRD","Contratación directa","14742000.0","2024-10-19T00:00:00.000","2024-10-21T00:00:00.000","2024-12-23T00:00:00.000"
"900478966","UNGRD","Selección Abreviada de Menor Cuantía","411068651.0","","","2023-07-03T00:00:00.000"
"900478966","UNGRD","Contratación directa","27500000.0","2026-01-28T00:00:00.000","2026-01-29T00:00:00.000","2026-06-28T00:00:00.000"
"900478966","UNGRD","Contratación directa","0.0","","","2021-12-23T00:00:00.000"
"900478966","UNGRD","Mínima cuantía","6806800.0","2018-06-27T00:00:00.000","2018-06-29T00:00:00.000","2018-09-28T00:00:00.000"
"900478966","UNGRD","Contratación directa","28877868.0","2021-01-27T00:00:00.000","2021-01-28T00:00:00.000","2021-07-27T00:00:00.000"
"900478966","UNGRD","Contratación directa","127292000.0","2026-01-20T00:00:00.000","2026-01-21T00:00:00.000","2026-12-20T00:00:00.000"
"900478966","UNGRD","Contratación directa","31565000.0","2018-01-04T00:00:00.000","2018-01-04T00:00:00.000","2018-06-04T00:00:00.000"
"900478966","UNGRD","Contratación directa","45000000.0","2023-07-31T00:00:00.000","2023-08-01T00:00:00.000","2023-12-31T00:00:00.000"
"900478966","UNGRD","Contratación directa","22139698.8","2021-08-23T00:00:00.000","2021-08-24T00:00:00.000","2022-01-10T00:00:00.000"
"900478966","UNGRD","Mínima cuantía","2794120.0","2025-04-25T00:00:00.000","2025-05-13T00:00:00.000","2025-06-12T00:00:00.000"
"900478966","UNGRD","Mínima cuantía","23770250.0","2021-12-03T00:00:00.000","2021-12-10T00:00:00.000","2021-12-23T00:00:00.000"
"900478966","UNGRD","Contratación directa","9142005.17","2023-10-27T00:00:00.000","2023-10-27T00:00:00.000","2023-12-31T00:00:00.000"
"900478966","UNGRD","Contratación directa","36600000.0","2021-08-25T00:00:00.000","2021-08-26T00:00:00.000","2021-12-27T00:00:00.000"
"900478966","UNGRD","Mínima cuantía","3777060.0","2021-09-03T00:00:00.000","2021-09-22T00:00:00.000","2021-11-21T00:00:00.000"
"900478966","UNGRD","Contratación directa","27166666.67","2023-07-18T00:00:00.000","2023-07-19T00:00:00.000","2023-12-31T00:00:00.000"
"900478966","UNGRD","Contratación directa","66000000.0","2026-01-24T00:00:00.000","2026-01-24T00:00:00.000","2026-12-23T00:00:00.000"
"900478966","UNGRD","Concurso de méritos abierto","0.01","2024-04-17T00:00:00.000","2024-04-18T00:00:00.000","2027-05-29T00:00:00.000"
"900478966","UNGRD","Contratación directa","95085657.0","2022-01-25T00:00:00.000","2022-01-25T00:00:00.000","2022-10-25T00:00:00.000"
"900478966","UNGRD","Contratación directa","0.0","","","2023-03-31T00:00:00.000"
"900478966","UNGRD","Selección Abreviada de Menor Cuantía","575379736.96","","",""
"900478966","UNGRD","Contratación directa","27000000.0","2022-01-27T00:00:00.000","2022-01-28T00:00:00.000","2022-10-27T00:00:00.000"
"900478966","UNGRD","Selección abreviada subasta inversa","1600000000.0","","","2025-05-31T00:00:00.000"
"900478966","UNGRD","Selección abreviada subasta inversa","13682000.0","","",""
"900478966","UNGRD","Contratación régimen especial (con ofertas)","5447377522.0","","","2025-04-17T00:00:00.000"
"900478966","UNGRD","Contratación directa","93332638.67","2022-01-05T00:00:00.000","2022-01-06T00:00:00.000","2022-12-31T00:00:00.000"
"900478966","UNGRD","Selección Abreviada de Menor Cuantía","48691230.0","","","2021-08-14T00:00:00.000"
"900478966","UNGRD","Mínima cuantía","30636074.0","2022-10-28T00:00:00.000","","2023-10-26T00:00:00.000"
"900478966","UNGRD","Contratación directa","35185602.33","2021-03-16T00:00:00.000","2021-03-17T00:00:00.000","2021-12-27T00:00:00.000"
"900478966","UNGRD","Mínima cuantía","4500000.0","","",""
"900478966","UNGRD","Contratación directa","47190660.0","2020-01-22T00:00:00.000","2020-01-23T00:00:00.000","2020-07-22T00:00:00.000"
"900478966","UNGRD","Contratación directa","79000000.0","2026-01-27T00:00:00.000","2026-01-28T00:00:00.000","2026-11-27T00:00:00.000"
"900478966","UNGRD","Contratación directa","43316802.0","2022-01-20T00:00:00.000","2022-01-21T00:00:00.000","2022-10-20T00:00:00.000"
"900478966","UNGRD","Contratación directa","69432000.0","2026-01-24T00:00:00.000","2026-01-24T00:00:00.000","2026-12-23T00:00:00.000"
"900478966","UNGRD","Contratación Directa (con ofertas)","72898070.77","","","2024-12-31T00:00:00.000"
"900478966","UNGRD","Contratación directa","70785990.0","2022-01-26T00:00:00.000","2022-01-27T00:00:00.000","2022-10-26T00:00:00.000"
"900478966","UNGRD","Contratación Directa (con ofertas)","32790450.0","2023-04-11T00:00:00.000","2023-04-13T00:00:00.000","2023-04-27T00:00:00.000"
"900478966","UNGRD","Contratación directa","30495000.0","2018-01-10T00:00:00.000","2018-01-10T00:00:00.000","2018-06-30T00:00:00.000"
"900478966","UNGRD","Mínima cuantía","19071025.0","2021-11-10T00:00:00.000","","2021-12-23T00:00:00.000"
"900478966","UNGRD","Licitación pública","921941965.0","","",""
"900478966","UNGRD","Selección abreviada subasta inversa","121406500.0","","",""
"900478966","UNGRD","Contratación directa","15965000.0","2023-01-27T00:00:00.000","2023-01-30T00:00:00.000","2023-05-29T00:00:00.000"
"900478966","UNGRD","Contratación directa","25692692.67","2021-09-15T00:00:00.000","2021-09-16T00:00:00.000","2021-12-23T00:00:00.000"
"900478966","UNGRD","Mínima cuantía","16981400.0","2018-10-31T00:00:00.000","2018-11-01T00:00:00.000","2018-12-31T00:00:00.000"
"900478966","UNGRD","Contratación directa","78651100.0","2022-01-27T00:00:00.000","2022-01-28T00:00:00.000","2022-11-27T00:00:00.000"
"900478966","UNGRD","Contratación directa","11572933.33","2023-10-18T00:00:00.000","2023-10-19T00:00:00.000","2023-12-31T00:00:00.000"
"900478966","UNGRD","Contratación directa","34825611.0","2020-07-03T00:00:00.000","2020-07-11T00:00:00.000","2020-12-31T00:00:00.000"
"900478966","UNGRD","Selección abreviada subasta inversa","197128006.0","","",""
"900478966","UNGRD","Contratación directa","10714581.0","2019-02-13T00:00:00.000","2019-02-14T00:00:00.000","2019-06-30T00:00:00.000"
"900478966","UNGRD","Contratación directa","42400000.0","2023-09-14T00:00:00.000","2023-09-15T00:00:00.000","2023-12-30T00:00:00.000"
"900478966","UNGRD","Contratación directa","35921250.0","2022-01-27T00:00:00.000","2022-01-28T00:00:00.000","2022-10-27T00:00:00.000"
"900478966","UNGRD","Contratación directa","1430198.1","2020-12-14T00:00:00.000","","2020-12-31T00:00:00.000"
"900478966","UNGRD","Contratación directa","95810000.0","2026-01-22T00:00:00.000","2026-01-23T00:00:00.000","2026-12-22T00:00:00.000"
"900478966","UNGRD","Contratación directa","56156885.4","2022-01-27T00:00:00.000","2022-02-01T00:00:00.000","2022-07-31T00:00:00.000"
"900478966","UNGRD","Mínima cuantía","21862920.61","","",""
"900478966","UNGRD","Mínima cuantía","10152250.0","","",""
"900478966","UNGRD","Selección Abreviada de Menor Cuantía","265175421.0","2021-08-23T00:00:00.000","","2022-08-19T00:00:00.000"
"900478966","UNGRD","Licitación pública","6175328000.0","","","2021-08-22T00:00:00.000"
"900478966","UNGRD","Mínima cuantía","4516521.0","2019-12-02T00:00:00.000","2019-11-29T00:00:00.000","2019-12-31T00:00:00.000"
"900478966","UNGRD","Contratación directa","78651100.0","2022-01-26T00:00:00.000","2022-01-27T00:00:00.000","2022-11-26T00:00:00.000"
"900478966","UNGRD","Contratación directa","47190660.0","2020-02-06T00:00:00.000","2020-02-07T00:00:00.000","2020-08-05T00:00:00.000"
"900478966","UNGRD","Contratación directa","25152133.0","2018-01-09T00:00:00.000","2018-01-09T00:00:00.000","2018-06-30T00:00:00.000"
"900478966","UNGRD","Contratación Directa (con ofertas)","13629130.0","2023-09-13T00:00:00.000","2023-09-15T00:00:00.000","2023-11-12T00:00:00.000"
"900478966","UNGRD","Contratación directa","64564335.0","2022-01-17T00:00:00.000","2022-01-18T00:00:00.000","2022-12-17T00:00:00.000"
"900478966","UNGRD","Contratación directa","36966017.0","2021-08-02T00:00:00.000","2021-08-03T00:00:00.000","2021-12-23T00:00:00.000"
"900478966","UNGRD","Contratación directa","31743333.0","2018-01-03T00:00:00.000","2018-01-03T00:00:00.000","2018-06-30T00:00:00.000"
"900478966","UNGRD","Mínima cuantía","12115152.0","2022-08-24T00:00:00.000","2022-09-06T00:00:00.000","2022-10-05T00:00:00.000"
"900478966","UNGRD","Contratación directa","0.0","","","2023-12-30T00:00:00.000"
"900478966","UNGRD","Contratación directa","13200000.0","2024-10-17T00:00:00.000","2024-10-18T00:00:00.000","2024-12-23T00:00:00.000"
"900478966","UNGRD","Contratación directa","22871333.33","2023-07-04T00:00:00.000","2023-07-05T00:00:00.000","2023-12-23T00:00:00.000"
"900478966","UNGRD","Contratación directa","51495400.0","2026-01-23T00:00:00.000","2026-01-24T00:00:00.000","2026-12-23T00:00:00.000"
"900478966","UNGRD","Contratación directa","4244334.0","2018-11-21T00:00:00.000","2018-11-22T00:00:00.000","2018-12-26T00:00:00.000"
"900478966","UNGRD","Contratación directa","47021666.67","2024-02-14T00:00:00.000","2024-02-15T00:00:00.000","2024-12-31T00:00:00.000"
"900478966","UNGRD","Mínima cuantía","26495000.0","2025-07-18T00:00:00.000","2025-07-24T00:00:00.000","2025-11-30T00:00:00.000"
"900478966","UNGRD","Contratación directa","0.0","2025-05-16T00:00:00.000","2025-05-16T00:00:00.000","2027-05-16T00:00:00.000"
"900478966","UNGRD","Selección abreviada subasta inversa","67439172.67","","",""
"900478966","UNGRD","Contratación directa","57500000.0","2026-01-28T00:00:00.000","2026-01-29T00:00:00.000","2026-06-28T00:00:00.000"
"900478966","UNGRD","Contratación directa","78651100.0","2022-01-27T00:00:00.000","2022-01-28T00:00:00.000","2022-11-27T00:00:00.000"
"900478966","UNGRD","Contratación directa","20201600.0","2018-01-04T00:00:00.000","2018-01-04T00:00:00.000","2018-06-30T00:00:00.000"
"900478966","UNGRD","Contratación directa","35000000.0","2025-02-03T00:00:00.000","2025-02-05T00:00:00.000","2025-12-04T00:00:00.000"
"900478966","UNGRD","Contratación directa","39325549.95","2023-03-13T00:00:00.000","2023-03-14T00:00:00.000","2023-08-13T00:00:00.000"
"900478966","UNGRD","Mínima cuantía","39501134.0","2020-10-22T00:00:00.000","2020-10-22T00:00:00.000","2021-02-28T00:00:00.000"
"900478966","UNGRD","Licitación pública","857390859.0","","",""
"900478966","UNGRD","Contratación directa","69432000.0","2026-01-23T00:00:00.000","2026-01-24T00:00:00.000","2026-12-23T00:00:00.000"
"900478966","UNGRD","Contratación directa","9728533.33","2023-10-23T00:00:00.000","2023-10-24T00:00:00.000","2023-12-31T00:00:00.000"
"900478966","UNGRD","Contratación directa","34868654.33","2021-08-10T00:00:00.000","2021-08-11T00:00:00.000","2021-12-23T00:00:00.000"
"900478966","UNGRD","Contratación directa","42046186.0","2019-01-11T00:00:00.000","2019-01-12T00:00:00.000","2019-06-30T00:00:00.000"
"900478966","UNGRD","Contratación directa","0.0","","",""
"900478966","UNGRD","Contratación directa","75000000.0","2026-01-28T00:00:00.000","2026-02-05T00:00:00.000","2026-12-04T00:00:00.000"
"900478966","UNGRD","Contratación directa","154224000.0","2025-01-29T00:00:00.000","2025-01-30T00:00:00.000","2025-12-23T00:00:00.000"
"900478966","UNGRD","Concurso de méritos abierto","525284000.0","","",""
"900478966","UNGRD","Contratación directa","0.0","","","2023-12-31T00:00:00.000"
"900478966","UNGRD","Contratación directa","87100000.0","2025-02-11T00:00:00.000","2025-02-12T00:00:00.000","2025-12-11T00:00:00.000"
"900478966","UNGRD","Selección Abreviada de Menor Cuantía","179708629.0","","","2024-11-18T00:00:00.000"
"900478966","UNGRD","Contratación directa","47190660.0","2020-02-03T00:00:00.000","2020-02-04T00:00:00.000","2020-08-03T00:00:00.000"
"900478966","UNGRD","Selección Abreviada de Menor Cuantía","119942017.0","","",""
"900478966","UNGRD","Licitación pública","4126166.0","","",""
"900478966","UNGRD","Selección abreviada subasta inversa","307777000.0","","","2021-12-22T00:00:00.000"
"900478966","UNGRD","Contratación régimen especial (con ofertas)","19992000.0","2019-02-11T00:00:00.000","2019-02-11T00:00:00.000","2019-04-10T00:00:00.000"
"900478966","UNGRD","Contratación directa","23947500.0","2021-02-01T00:00:00.000","2021-02-02T00:00:00.000","2021-08-01T00:00:00.000"
"900478966","UNGRD","Contratación directa","19800000.0","2023-01-20T00:00:00.000","2023-01-26T00:00:00.000","2023-03-31T00:00:00.000"
"900478966","UNGRD","Licitación pública","1507440.0","","","2024-07-25T00:00:00.000"
"900478966","UNGRD","Contratación directa","380289719.11","2023-05-15T00:00:00.000","2023-05-26T00:00:00.000","2023-12-23T00:00:00.000"
"900478966","UNGRD","Contratación directa","58995000.0","2023-07-10T00:00:00.000","2023-07-11T00:00:00.000","2023-12-31T00:00:00.000"
"900478966","UNGRD","Contratación directa","102511497.0","2018-01-12T00:00:00.000","2018-01-12T00:00:00.000","2018-12-31T00:00:00.000"
"900478966","UNGRD","Contratación directa","62134369.0","2021-04-26T00:00:00.000","2021-04-27T00:00:00.000","2021-12-23T00:00:00.000"
"900478966","UNGRD","Selección abreviada subasta inversa","2625670800.0","2026-07-10T00:00:00.000","2026-07-23T00:00:00.000","2027-07-22T00:00:00.000"
"900478966","UNGRD","Contratación directa","87100000.0","2026-01-27T00:00:00.000","2026-01-28T00:00:00.000","2026-11-27T00:00:00.000"
"900478966","UNGRD","Contratación directa","20857866.0","2018-01-09T00:00:00.000","2018-01-09T00:00:00.000","2018-06-30T00:00:00.000"
"900478966","UNGRD","Contratación directa","40112061.0","2020-07-28T00:00:00.000","","2020-12-31T00:00:00.000"
"900478966","UNGRD","Selección Abreviada de Menor Cuantía","50012821.77","","","2023-09-09T00:00:00.000"
"900478966","UNGRD","Contratación directa","18625833.33","2021-08-03T00:00:00.000","2021-08-04T00:00:00.000","2021-12-23T00:00:00.000"
"900478966","UNGRD","Concurso de méritos abierto","1.0","","",""
"900478966","UNGRD","Mínima cuantía","34122900.0","2025-09-16T00:00:00.000","2025-09-25T00:00:00.000","2025-11-30T00:00:00.000"
"900478966","UNGRD","Contratación directa","17316000.0","2024-10-09T00:00:00.000","2024-10-10T00:00:00.000","2024-12-23T00:00:00.000"
"900478966","UNGRD","Selección Abreviada de Menor Cuantía","114125522.0","2024-08-15T00:00:00.000","2024-08-17T00:00:00.000","2025-05-06T00:00:00.000"
"900478966","UNGRD","Contratación directa","27720133.33","2018-08-30T00:00:00.000","2018-08-31T00:00:00.000","2018-12-26T00:00:00.000"
"900478966","UNGRD","Contratación directa","70200000.0","2025-01-31T00:00:00.000","2025-02-03T00:00:00.000","2025-12-02T00:00:00.000"
"900478966","UNGRD","Contratación directa","33000000.0","2026-01-28T00:00:00.000","2026-01-29T00:00:00.000","2026-07-28T00:00:00.000"
"900478966","UNGRD","Contratación directa","3081600.0","2018-11-29T00:00:00.000","2018-11-30T00:00:00.000","2018-12-26T00:00:00.000"
"900478966","UNGRD","Contratación directa","38539039.0","2020-08-04T00:00:00.000","","2020-12-31T00:00:00.000"
"900478966","UNGRD","Contratación directa","12600000.0","2021-08-25T00:00:00.000","2021-08-26T00:00:00.000","2021-12-31T00:00:00.000"
"900478966","UNGRD","Contratación directa","24644011.33","2021-09-17T00:00:00.000","2021-09-20T00:00:00.000","2021-12-23T00:00:00.000"
"900478966","UNGRD","Contratación directa","36000000.0","2026-01-28T00:00:00.000","2026-01-29T00:00:00.000","2026-07-28T00:00:00.000"
"900478966","UNGRD","Contratación directa","47190660.0","2021-01-07T00:00:00.000","2021-01-08T00:00:00.000","2021-07-07T00:00:00.000"
"900478966","UNGRD","Selección Abreviada de Menor Cuantía","151901900.0","","","2025-12-31T00:00:00.000"
"900478966","UNGRD","Contratación directa","55842281.0","2021-05-20T00:00:00.000","2021-05-21T00:00:00.000","2021-12-23T00:00:00.000"
"900478966","UNGRD","Contratación directa","86516210.0","2022-01-20T00:00:00.000","2022-01-21T00:00:00.000","2022-11-20T00:00:00.000"
"900478966","UNGRD","Contratación Directa (con ofertas)","25665980.0","2020-12-07T00:00:00.000","","2020-12-17T00:00:00.000"
"900478966","UNGRD","Contratación directa","14450000.0","2023-11-09T00:00:00.000","2023-11-10T00:00:00.000","2023-12-30T00:00:00.000"
"900478966","UNGRD","Licitación pública","3327749849.0","","","2026-05-31T00:00:00.000"
"900478966","UNGRD","Concurso de méritos abierto","83538000.0","","",""
"900478966","UNGRD","Contratación directa","16800000.0","2023-10-19T00:00:00.000","2023-10-20T00:00:00.000","2023-12-31T00:00:00.000"
"900478966","UNGRD","Contratación directa","41673343.5","2021-05-20T00:00:00.000","2021-05-21T00:00:00.000","2021-12-23T00:00:00.000"
"900478966","UNGRD","Contratación directa","121000000.0","2025-01-23T00:00:00.000","2025-01-24T00:00:00.000","2025-12-23T00:00:00.000"
"900478966","UNGRD","Contratación directa","30856000.0","2023-09-06T00:00:00.000","2023-09-07T00:00:00.000","2023-12-30T00:00:00.000"
"900478966","UNGRD","Mínima cuantía","10019800.0","2025-09-10T00:00:00.000","2025-09-17T00:00:00.000","2025-12-20T00:00:00.000"
"900478966","UNGRD","Contratación directa","12750000.0","2023-11-15T00:00:00.000","2023-11-16T00:00:00.000","2023-12-30T00:00:00.000"
"900478966","UNGRD","Contratación directa","21342933.0","2018-01-05T00:00:00.000","2018-01-05T00:00:00.000","2018-06-05T00:00:00.000"
"900478966","UNGRD","Mínima cuantía","22710267.0","","","2020-12-31T00:00:00.000"
"900478966","UNGRD","Contratación directa","35655165.33","2023-08-14T00:00:00.000","2023-08-15T00:00:00.000","2023-12-30T00:00:00.000"
"900478966","UNGRD","Mínima cuantía","1606500.0","2019-10-03T00:00:00.000","2019-10-04T00:00:00.000","2019-10-09T00:00:00.000"
"900478966","UNGRD","Contratación directa","12868266.67","2023-10-27T00:00:00.000","2023-10-27T00:00:00.000","2023-12-30T00:00:00.000"
"900478966","UNGRD","Selección Abreviada de Menor Cuantía","224063406.0","","","2024-05-16T00:00:00.000"
"900478966","UNGRD","Contratación directa","0.0","","2018-01-10T00:00:00.000","2018-06-30T00:00:00.000"
"900478966","UNGRD","Selección Abreviada de Menor Cuantía","185306530.0","2025-05-05T00:00:00.000","2025-05-12T00:00:00.000","2026-05-16T00:00:00.000"
"900478966","UNGRD","Selección abreviada subasta inversa","125054244.0","","",""
"900478966","UNGRD","Contratación directa","8073600.0","2023-10-19T00:00:00.000","2023-10-20T00:00:00.000","2023-12-31T00:00:00.000"
"900478966","UNGRD","Contratación directa","71633333.33","2025-02-03T00:00:00.000","2025-02-04T00:00:00.000","2025-12-10T00:00:00.000"
"900478966","UNGRD","Contratación directa","30495000.0","2018-01-10T00:00:00.000","2018-01-10T00:00:00.000","2018-06-30T00:00:00.000"
"900478966","UNGRD","Contratación directa","42536066.0","2018-01-03T00:00:00.000","2018-01-03T00:00:00.000","2018-06-30T00:00:00.000"
"900478966","UNGRD","Selección Abreviada de Menor Cuantía","48000000.0","","",""
"900478966","UNGRD","Contratación directa","8042833.33","2018-10-23T00:00:00.000","2018-10-24T00:00:00.000","2018-11-30T00:00:00.000"
"900478966","UNGRD","Contratación directa","10565073.0","2020-11-30T00:00:00.000","","2020-12-31T00:00:00.000"
"900478966","UNGRD","Contratación directa","27720133.0","2018-08-30T00:00:00.000","2018-08-31T00:00:00.000","2018-12-26T00:00:00.000"
"900478966","UNGRD","Contratación directa","39144999.0","2019-02-15T00:00:00.000","2019-02-16T00:00:00.000","2019-06-30T00:00:00.000"
"900478966","UNGRD","Contratación directa","17780624.67","2021-08-05T00:00:00.000","2021-08-06T00:00:00.000","2021-12-27T00:00:00.000"
"900478966","UNGRD","Contratación directa","66000000.0","2026-01-24T00:00:00.000","2026-01-24T00:00:00.000","2026-12-23T00:00:00.000"
"900478966","UNGRD","Contratación directa","75434621.22","2022-01-26T00:00:00.000","2022-01-27T00:00:00.000","2022-07-26T00:00:00.000"
"900478966","UNGRD","Contratación directa","16240000.0","2023-08-31T00:00:00.000","2023-09-01T00:00:00.000","2023-12-30T00:00:00.000"
"900478966","UNGRD","Contratación directa","17360000.0","2024-09-28T00:00:00.000","2024-10-01T00:00:00.000","2024-12-23T00:00:00.000"
"900478966","UNGRD","Contratación directa","79000000.0","2026-01-28T00:00:00.000","2026-01-29T00:00:00.000","2026-11-28T00:00:00.000"
"900478966","UNGRD","Contratación directa","36983333.0","2025-02-06T00:00:00.000","2025-02-07T00:00:00.000","2025-12-23T00:00:00.000"
"900478966","UNGRD","Mínima cuantía","9444600.0","2022-03-14T00:00:00.000","2022-03-14T00:00:00.000","2022-03-21T00:00:00.000"
"900478966","UNGRD","Contratación directa","35368262.0","2019-02-05T00:00:00.000","2019-02-06T00:00:00.000","2019-06-30T00:00:00.000"
"900478966","UNGRD","Contratación directa","28877868.0","2020-01-27T00:00:00.000","2020-01-28T00:00:00.000","2020-07-27T00:00:00.000"
"900478966","UNGRD","Contratación directa","39442935.0","2020-04-14T00:00:00.000","2020-04-15T00:00:00.000","2021-02-28T00:00:00.000"
"900478966","UNGRD","Contratación directa","11470400.0","2018-11-08T00:00:00.000","2018-11-09T00:00:00.000","2018-12-26T00:00:00.000"
"900478966","UNGRD","Mínima cuantía","6665100.0","2019-09-05T00:00:00.000","2019-09-06T00:00:00.000","2019-11-05T00:00:00.000"
"900478966","UNGRD","Contratación directa","23226666.66","2024-10-03T00:00:00.000","2024-10-04T00:00:00.000","2024-12-23T00:00:00.000"
"900478966","UNGRD","Contratación directa","78651100.0","2022-01-26T00:00:00.000","2022-01-27T00:00:00.000","2022-11-26T00:00:00.000"
"900478966","UNGRD","Mínima cuantía","1308000.0","2018-10-16T00:00:00.000","2018-10-18T00:00:00.000","2018-10-20T00:00:00.000"
"900478966","UNGRD","Contratación directa","19750000.0","2023-10-11T00:00:00.000","2023-10-13T00:00:00.000","2023-12-30T00:00:00.000"
"900478966","UNGRD","Contratación directa","10914000.0","2018-09-26T00:00:00.000","2018-09-27T00:00:00.000","2018-12-26T00:00:00.000"
"900478966","UNGRD","Contratación directa","2926916.67","2020-12-10T00:00:00.000","2020-12-10T00:00:00.000","2020-12-31T00:00:00.000"
"900478966","UNGRD","Contratación directa","0.0","","",""
"900478966","UNGRD","Selección abreviada subasta inversa","170000000.0","2025-10-31T00:00:00.000","2025-11-05T00:00:00.000","2025-12-15T00:00:00.000"
"900478966","UNGRD","Selección abreviada subasta inversa","184255000.0","","",""
"900478966","UNGRD","Contratación directa","56760000.0","2025-03-21T00:00:00.000","2025-03-21T00:00:00.000","2025-12-23T00:00:00.000"
"900478966","UNGRD","Contratación directa","57300000.0","2023-06-20T00:00:00.000","2023-06-21T00:00:00.000","2023-12-31T00:00:00.000"
"900478966","UNGRD","Contratación directa","87100000.0","2026-01-27T00:00:00.000","2026-01-28T00:00:00.000","2026-11-27T00:00:00.000"
"900478966","UNGRD","Contratación directa","31460440.0","2023-01-23T00:00:00.000","2023-01-24T00:00:00.000","2023-05-23T00:00:00.000"
"900478966","UNGRD","Mínima cuantía","17882650.0","","",""
"900478966","UNGRD","Selección Abreviada de Menor Cuantía","48000000.0","","",""
"900478966","UNGRD","Contratación directa","88000000.0","2026-01-23T00:00:00.000","2026-01-24T00:00:00.000","2026-12-23T00:00:00.000"
"900478966","UNGRD","Contratación directa","36708000.0","2019-02-15T00:00:00.000","2019-02-16T00:00:00.000","2019-06-30T00:00:00.000"
"900478966","UNGRD","Contratación directa","0.0","","",""
"900478966","UNGRD","Contratación directa","10208000.0","2023-10-25T00:00:00.000","2023-10-26T00:00:00.000","2023-12-31T00:00:00.000"
"900478966","UNGRD","Mínima cuantía","55414277.0","2019-08-16T00:00:00.000","2019-08-16T00:00:00.000","2020-04-29T00:00:00.000"
"900478966","UNGRD","Contratación directa","18750000.0","2023-10-13T00:00:00.000","2023-10-17T00:00:00.000","2023-12-31T00:00:00.000"
"900478966","UNGRD","Contratación directa","57939643.67","2021-05-12T00:00:00.000","2021-05-13T00:00:00.000","2021-12-23T00:00:00.000"
"900478966","UNGRD","Contratación directa","52660800.0","2021-01-14T00:00:00.000","2021-01-15T00:00:00.000","2021-06-14T00:00:00.000"
"900478966","UNGRD","Contratación directa","150892000.0","2024-02-14T00:00:00.000","2024-02-15T00:00:00.000","2024-12-31T00:00:00.000"
"900478966","UNGRD","Contratación directa","15965000.0","2023-01-20T00:00:00.000","2023-01-23T00:00:00.000","2023-05-22T00:00:00.000"
"900478966","UNGRD","Mínima cuantía","3570000.0","2024-07-18T00:00:00.000","","2024-08-19T00:00:00.000"
"900478966","UNGRD","Contratación directa","27248400.0","","","2023-12-24T00:00:00.000"
"900478966","UNGRD","Contratación Directa (con ofertas)","89929972.0","2022-01-28T00:00:00.000","2022-02-02T00:00:00.000","2022-12-30T00:00:00.000"
"900478966","UNGRD","Contratación directa","80000000.0","2025-02-07T00:00:00.000","2025-02-10T00:00:00.000","2025-12-09T00:00:00.000"
"900478966","UNGRD","Contratación directa","16716667.0","2023-11-01T00:00:00.000","2023-11-02T00:00:00.000","2023-12-30T00:00:00.000"
"900478966","UNGRD","Contratación directa","42046185.0","2019-01-11T00:00:00.000","2019-01-12T00:00:00.000","2019-06-30T00:00:00.000"
"900478966","UNGRD","Contratación directa","52825365.0","2023-03-13T00:00:00.000","2023-03-14T00:00:00.000","2023-08-13T00:00:00.000"
"900478966","UNGRD","Contratación directa","31658304.0","2019-02-20T00:00:00.000","2019-02-21T00:00:00.000","2019-06-30T00:00:00.000"
"900478966","UNGRD","Contratación directa","44044616.0","2021-07-02T00:00:00.000","2021-07-06T00:00:00.000","2021-12-23T00:00:00.000"
"900478966","UNGRD","Selección Abreviada de Menor Cuantía","208395677.42","2018-11-06T00:00:00.000","2018-11-07T00:00:00.000","2018-12-31T00:00:00.000"
"900478966","UNGRD","Contratación directa","11738970.0","2021-01-21T00:00:00.000","","2021-03-21T00:00:00.000"
"900478966","UNGRD","Mínima cuantía","75000000.0","2023-03-31T00:00:00.000","2023-04-05T00:00:00.000","2023-12-20T00:00:00.000"
"900478966","UNGRD","Contratación directa","46697625.0","2022-01-07T00:00:00.000","2022-01-11T00:00:00.000","2022-12-31T00:00:00.000"
"900478966","UNGRD","Contratación directa","17846160.0","2020-10-30T00:00:00.000","","2020-12-31T00:00:00.000"
"900478966","UNGRD","Contratación directa","69432000.0","2026-01-24T00:00:00.000","2026-01-24T00:00:00.000","2026-12-23T00:00:00.000"
"900478966","UNGRD","Contratación directa","54000000.0","2024-03-05T00:00:00.000","2024-03-06T00:00:00.000","2024-09-05T00:00:00.000"
"900478966","UNGRD","Contratación directa","86516210.0","2022-01-19T00:00:00.000","2022-01-20T00:00:00.000","2022-12-19T00:00:00.000"
"900478966","UNGRD","Selección Abreviada de Menor Cuantía","842920792.0","","","2026-05-30T00:00:00.000"
"900478966","UNGRD","Contratación directa","31743333.0","2018-01-03T00:00:00.000","2018-01-03T00:00:00.000","2018-06-30T00:00:00.000"
"900478966","UNGRD","Concurso de méritos abierto","241147550.0","","","2022-08-06T00:00:00.000"
"900478966","UNGRD","Selección abreviada subasta inversa","4247607774.0","","","2026-03-31T00:00:00.000"
"900478966","UNGRD","Contratación directa","23226666.67","2024-10-03T00:00:00.000","2024-10-04T00:00:00.000","2024-12-23T00:00:00.000"
"900478966","UNGRD","Contratación directa","17326720.8","2020-09-12T00:00:00.000","","2020-12-31T00:00:00.000"
"900478966","UNGRD","Contratación directa","6360667.0","2023-11-10T00:00:00.000","2023-11-14T00:00:00.000","2023-12-30T00:00:00.000"
"900478966","UNGRD","Licitación pública","1459535712.0","","",""
"900478966","UNGRD","Contratación directa","37347457.64","2022-08-25T00:00:00.000","2022-09-01T00:00:00.000","2022-12-23T00:00:00.000"
"900478966","UNGRD","Contratación directa","50000000.0","2026-01-29T00:00:00.000","2026-01-29T00:00:00.000","2026-05-28T00:00:00.000"
"900478966","UNGRD","Contratación directa","8124866.67","2018-10-19T00:00:00.000","2018-10-20T00:00:00.000","2018-12-26T00:00:00.000"
"900478966","UNGRD","Selección abreviada subasta inversa","126780284.2","2025-10-28T00:00:00.000","","2025-12-30T00:00:00.000"
"900478966","UNGRD","Contratación directa","77000000.0","2025-03-04T00:00:00.000","2025-03-05T00:00:00.000","2025-10-04T00:00:00.000"
"900478966","UNGRD","Contratación directa","32282167.5","2020-07-16T00:00:00.000","","2020-12-31T00:00:00.000"
"900478966","UNGRD","Selección Abreviada de Menor Cuantía","246886206.0","","","2024-07-31T00:00:00.000"
"900478966","UNGRD","Contratación directa","22208064.0","2019-02-19T00:00:00.000","2019-02-20T00:00:00.000","2019-06-19T00:00:00.000"
"900478966","UNGRD","Contratación directa","78651100.0","2021-02-23T00:00:00.000","2021-02-24T00:00:00.000","2021-12-23T00:00:00.000"
"900478966","UNGRD","Contratación directa","76553737.33","2021-03-01T00:00:00.000","2021-03-02T00:00:00.000","2021-12-23T00:00:00.000"
"900478966","UNGRD","Licitación pública","2745898617.0","","",""
"900478966","UNGRD","Contratación directa","35921250.0","2022-01-27T00:00:00.000","2022-01-28T00:00:00.000","2022-10-27T00:00:00.000"
"900478966","UNGRD","Mínima cuantía","6534000.0","2022-12-12T00:00:00.000","2022-12-20T00:00:00.000","2022-12-27T00:00:00.000"
"900478966","UNGRD","Contratación directa","38801209.33","2021-07-29T00:00:00.000","2021-07-30T00:00:00.000","2021-12-27T00:00:00.000"
"900478966","UNGRD","Contratación directa","599841029.0","2026-01-29T00:00:00.000","2026-02-05T00:00:00.000","2026-12-15T00:00:00.000"
"900478966","UNGRD","Mínima cuantía","15919591.15","2018-08-17T00:00:00.000","2018-08-16T00:00:00.000","2018-12-31T00:00:00.000"
"900478966","UNGRD","Mínima cuantía","22490267.0","2020-09-18T00:00:00.000","","2020-12-31T00:00:00.000"
"900478966","UNGRD","Mínima cuantía","13731733.0","","",""
"900478966","UNGRD","Contratación directa","51495400.0","2026-01-22T00:00:00.000","2026-01-22T00:00:00.000","2026-12-21T00:00:00.000"
"900478966","UNGRD","Mínima cuantía","3423214.0","2022-07-29T00:00:00.000","2022-08-02T00:00:00.000","2022-09-30T00:00:00.000"
"900478966","UNGRD","Concurso de méritos abierto","267462000.0","","",""
"900478966","UNGRD","Contratación directa","0.0","","2019-01-16T00:00:00.000","2019-06-30T00:00:00.000"
"900478966","UNGRD","Contratación directa","95085657.0","2022-01-25T00:00:00.000","2022-01-26T00:00:00.000","2022-10-25T00:00:00.000"
"900478966","UNGRD","Contratación directa","28533333.33","2023-09-15T00:00:00.000","2023-09-15T00:00:00.000","2023-12-31T00:00:00.000"
"900478966","UNGRD","Contratación directa","37437923.6","2021-08-02T00:00:00.000","2021-08-03T00:00:00.000","2021-12-02T00:00:00.000"
"900478966","UNGRD","Mínima cuantía","7187600.0","2024-07-23T00:00:00.000","2024-08-02T00:00:00.000","2024-12-23T00:00:00.000"
"900478966","UNGRD","Contratación directa","47190660.0","2022-01-27T00:00:00.000","2022-01-28T00:00:00.000","2022-07-27T00:00:00.000"
"900478966","UNGRD","Contratación directa","57866666.66","2025-04-15T00:00:00.000","2025-04-16T00:00:00.000","2025-12-23T00:00:00.000"
"900478966","UNGRD","Contratación directa","66696800.0","2026-01-24T00:00:00.000","2026-01-24T00:00:00.000","2026-12-25T00:00:00.000"
"900478966","UNGRD","Contratación directa","0.0","","","2022-09-26T00:00:00.000"
"900478966","UNGRD","Mínima cuantía","33260381.0","2022-04-21T00:00:00.000","2022-05-02T00:00:00.000","2022-09-01T00:00:00.000"
"900478966","UNGRD","Mínima cuantía","4930051.0","2020-11-30T00:00:00.000","","2020-12-30T00:00:00.000"
"900478966","UNGRD","Contratación directa","20686667.0","2018-08-31T00:00:00.000","2018-09-01T00:00:00.000","2018-12-26T00:00:00.000"
"900478966","UNGRD","Contratación directa","165248160.0","2026-01-16T00:00:00.000","2026-01-18T00:00:00.000","2026-12-17T00:00:00.000"
"900478966","UNGRD","Mínima cuantía","15947000.0","2022-03-14T00:00:00.000","2022-03-14T00:00:00.000","2022-03-24T00:00:00.000"
"900478966","UNGRD","Contratación directa","34124440.0","2018-01-26T00:00:00.000","2018-01-26T00:00:00.000","2018-05-25T00:00:00.000"
"900478966","UNGRD","Contratación directa","18720000.0","2024-10-03T00:00:00.000","2024-10-04T00:00:00.000","2024-12-23T00:00:00.000"
"900478966","UNGRD","Contratación directa","0.0","","",""
"900478966","UNGRD","Contratación Directa (con ofertas)","4542792870.0","2022-07-29T00:00:00.000","2022-08-11T00:00:00.000","2022-12-30T00:00:00.000"
"900478966","UNGRD","Contratación directa","70200000.0","2025-02-12T00:00:00.000","2025-02-14T00:00:00.000","2025-12-13T00:00:00.000"
"900478966","UNGRD","Contratación directa","0.0","","","2026-12-21T00:00:00.000"
"900478966","UNGRD","Mínima cuantía","1309000.0","2021-02-19T00:00:00.000","","2021-02-26T00:00:00.000"
"900478966","UNGRD","Contratación directa","89662254.0","2022-01-11T00:00:00.000","2022-01-12T00:00:00.000","2022-09-27T00:00:00.000"
"900478966","UNGRD","Contratación directa","78651100.0","2022-01-27T00:00:00.000","2022-01-28T00:00:00.000","2022-11-27T00:00:00.000"
"900478966","UNGRD","Selección Abreviada de Menor Cuantía","582324108.0","","","2025-01-09T00:00:00.000"
"900478966","UNGRD","Contratación directa","21066666.66","2024-10-03T00:00:00.000","2024-10-04T00:00:00.000","2024-12-23T00:00:00.000"
"900478966","UNGRD","Mínima cuantía","21539000.0","2019-12-05T00:00:00.000","2019-12-03T00:00:00.000","2019-12-31T00:00:00.000"
"900478966","UNGRD","Contratación directa","27720133.0","2018-08-30T00:00:00.000","2018-08-30T00:00:00.000","2018-12-26T00:00:00.000"
"900478966","UNGRD","Contratación Directa (con ofertas)","2198500.0","2021-05-21T00:00:00.000","","2021-06-10T00:00:00.000"
"900478966","UNGRD","Contratación directa","47190660.0","2022-01-26T00:00:00.000","2022-01-27T00:00:00.000","2022-07-26T00:00:00.000"
"900478966","UNGRD","Contratación directa","15722394.8","2021-09-15T00:00:00.000","2021-09-16T00:00:00.000","2021-12-23T00:00:00.000"
"900478966","UNGRD","Contratación directa","62000000.0","2026-01-28T00:00:00.000","2026-01-28T00:00:00.000","2026-11-27T00:00:00.000"
"900478966","UNGRD","Contratación directa","31460440.0","2020-05-20T00:00:00.000","2020-05-20T00:00:00.000","2020-09-19T00:00:00.000"
"900478966","UNGRD","Contratación directa","116215803.0","2022-01-18T00:00:00.000","2022-01-19T00:00:00.000","2022-12-18T00:00:00.000"
"900478966","UNGRD","Contratación directa","110581097.4","2022-01-26T00:00:00.000","2022-01-27T00:00:00.000","2022-12-10T00:00:00.000"
"900478966","UNGRD","Contratación directa","22120000.0","2024-09-28T00:00:00.000","2024-10-02T00:00:00.000","2024-12-23T00:00:00.000"
"900478966","UNGRD","Contratación directa","10000000.0","2023-11-20T00:00:00.000","2023-11-21T00:00:00.000","2023-12-30T00:00:00.000"
"900478966","UNGRD","Contratación directa","192078903.17","2022-01-19T00:00:00.000","2022-01-20T00:00:00.000","2022-12-19T00:00:00.000"
"900478966","UNGRD","Contratación directa","33000000.0","2026-01-28T00:00:00.000","2026-01-29T00:00:00.000","2026-07-28T00:00:00.000"
"900478966","UNGRD","Contratación directa","13633866.67","2023-10-04T00:00:00.000","2023-10-05T00:00:00.000","2023-12-30T00:00:00.000"
"900478966","UNGRD","Contratación directa","47190660.0","2022-01-21T00:00:00.000","2022-01-24T00:00:00.000","2022-01-24T00:00:00.000"
"900478966","UNGRD","Contratación directa","47229791.67","2022-01-06T00:00:00.000","2022-12-31T00:00:00.000","2022-12-31T00:00:00.000"
"900478966","UNGRD","Contratación directa","65000000.0","2025-02-17T00:00:00.000","2025-02-18T00:00:00.000","2025-12-17T00:00:00.000"
"900478966","UNGRD","Mínima cuantía","8353800.0","2020-11-19T00:00:00.000","","2020-12-31T00:00:00.000"
"900478966","UNGRD","Licitación pública","5315072155.35","2022-08-11T00:00:00.000","2022-08-18T00:00:00.000","2022-12-30T00:00:00.000"
"900478966","UNGRD","Contratación directa","30316667.0","2018-01-11T00:00:00.000","2018-01-11T00:00:00.000","2018-06-30T00:00:00.000"
"900478966","UNGRD","Contratación directa","24388000.0","2024-09-28T00:00:00.000","2024-10-01T00:00:00.000","2024-12-23T00:00:00.000"
"900478966","UNGRD","Mínima cuantía","13731733.0","2019-07-31T00:00:00.000","2019-08-01T00:00:00.000","2019-12-31T00:00:00.000"
"900478966","UNGRD","Contratación Directa (con ofertas)","28970370.0","2019-02-28T00:00:00.000","2019-02-28T00:00:00.000","2019-12-31T00:00:00.000"
"900478966","UNGRD","Contratación directa","58200000.0","2025-02-28T00:00:00.000","2025-03-03T00:00:00.000","2025-12-23T00:00:00.000"
"900478966","UNGRD","Contratación directa","115720000.0","2026-01-23T00:00:00.000","2026-01-24T00:00:00.000","2026-12-23T00:00:00.000"
"900478966","UNGRD","Contratación directa","103185546.3","","","2021-12-27T00:00:00.000"
"900478966","UNGRD","Contratación directa","42840000.0","2023-09-26T00:00:00.000","2023-09-27T00:00:00.000","2023-12-26T00:00:00.000"
"900478966","UNGRD","Contratación directa","0.0","","","2026-11-28T00:00:00.000"
"900478966","UNGRD","Contratación directa","32724000.0","2024-09-12T00:00:00.000","2024-09-13T00:00:00.000","2024-12-23T00:00:00.000"
"900478966","UNGRD","Contratación directa","0.0","2021-06-22T00:00:00.000","2021-06-25T00:00:00.000","2025-06-24T00:00:00.000"
"900478966","UNGRD","Contratación directa","43316802.0","2022-01-21T00:00:00.000","2022-01-24T00:00:00.000","2022-10-23T00:00:00.000"
"900478966","UNGRD","Contratación directa","36703847.0","2020-08-11T00:00:00.000","","2020-12-11T00:00:00.000"
"900478966","UNGRD","Contratación directa","13351800.0","2021-07-19T00:00:00.000","2021-07-26T00:00:00.000","2021-09-25T00:00:00.000"
"900478966","UNGRD","Contratación directa","78651100.0","2022-01-27T00:00:00.000","2022-01-28T00:00:00.000","2022-11-27T00:00:00.000"
"900478966","UNGRD","Contratación directa","103185546.3","","","2021-12-27T00:00:00.000"
"900478966","UNGRD","Contratación directa","14368500.0","2020-09-11T00:00:00.000","","2020-12-31T00:00:00.000"
"900478966","UNGRD","Contratación directa","16566666.67","2023-10-19T00:00:00.000","2023-10-20T00:00:00.000","2023-12-30T00:00:00.000"
"900478966","UNGRD","Contratación directa","66000000.0","2026-01-24T00:00:00.000","2026-01-24T00:00:00.000","2026-12-23T00:00:00.000"
"900478966","UNGRD","Mínima cuantía","8425200.0","2021-11-09T00:00:00.000","","2021-11-19T00:00:00.000"
"900478966","UNGRD","Contratación directa","22538820.0","2021-01-15T00:00:00.000","2021-01-18T00:00:00.000","2021-07-17T00:00:00.000"
"900478966","UNGRD","Licitación pública","9457383010.0","","","2025-12-31T00:00:00.000"
"900478966","UNGRD","Concurso de méritos abierto","110092850.0","","",""
"900478966","UNGRD","Contratación directa","3756470.0","2022-11-23T00:00:00.000","2022-11-24T00:00:00.000","2022-12-23T00:00:00.000"
"900478966","UNGRD","Contratación directa","17571540.0","2019-02-08T00:00:00.000","2019-02-09T00:00:00.000","2019-06-30T00:00:00.000"
"900478966","UNGRD","Selección abreviada subasta inversa","5247550997.0","","","2026-12-23T00:00:00.000"
"900478966","UNGRD","Contratación directa","30000000.0","2025-04-04T00:00:00.000","2025-04-09T00:00:00.000","2025-12-23T00:00:00.000"
"900478966","UNGRD","Contratación directa","74194204.33","2021-03-12T00:00:00.000","2021-03-15T00:00:00.000","2021-12-27T00:00:00.000"
"900478966","UNGRD","Contratación directa","37752528.0","2021-07-29T00:00:00.000","2021-07-30T00:00:00.000","2021-12-23T00:00:00.000"
"900478966","UNGRD","Contratación directa","21420000.0","2018-01-26T00:00:00.000","2018-03-01T00:00:00.000","2018-07-31T00:00:00.000"
"900478966","UNGRD","Contratación directa","21464200.0","2018-01-04T00:00:00.000","2018-01-04T00:00:00.000","2018-06-30T00:00:00.000"
"900478966","UNGRD","Contratación directa","31919333.33","2023-08-23T00:00:00.000","2023-08-24T00:00:00.000","2023-12-30T00:00:00.000"
"900478966","UNGRD","Contratación directa","38848166.66","2021-03-01T00:00:00.000","2021-03-02T00:00:00.000","2021-12-23T00:00:00.000"
"900478966","UNGRD","Contratación directa","79000000.0","2025-02-11T00:00:00.000","2025-02-12T00:00:00.000","2025-12-11T00:00:00.000"
"900478966","UNGRD","Contratación directa","33060000.0","2023-09-25T00:00:00.000","2023-09-26T00:00:00.000","2023-12-30T00:00:00.000"
"900478966","UNGRD","Contratación directa","8647708.33","2020-10-26T00:00:00.000","","2020-12-31T00:00:00.000"
"900478966","UNGRD","Contratación directa","47190660.0","2022-01-27T00:00:00.000","2022-01-28T00:00:00.000","2022-07-27T00:00:00.000"
"900478966","UNGRD","Licitación pública","6175328000.0","","","2021-08-22T00:00:00.000"
"900478966","UNGRD","Contratación directa","18389866.67","2023-09-04T00:00:00.000","2023-09-05T00:00:00.000","2023-12-30T00:00:00.000"
"900478966","UNGRD","Contratación directa","0.0","","","2026-05-08T00:00:00.000"
"900478966","UNGRD","Selección abreviada subasta inversa","119669768.0","2023-11-09T00:00:00.000","2023-11-16T00:00:00.000","2023-12-30T00:00:00.000"
"900478966","UNGRD","Contratación directa","20360067.0","2018-08-30T00:00:00.000","2018-08-31T00:00:00.000","2018-12-26T00:00:00.000"
"900478966","UNGRD","Selección Abreviada de Menor Cuantía","590356297.5","","","2022-05-19T00:00:00.000"
"900478966","UNGRD","Contratación directa","79000000.0","2025-02-11T00:00:00.000","2025-02-12T00:00:00.000","2025-12-11T00:00:00.000"
"900478966","UNGRD","Mínima cuantía","4280000.0","2019-12-26T00:00:00.000","2019-12-24T00:00:00.000","2019-12-31T00:00:00.000"
"900478966","UNGRD","Contratación directa","15733333.33","2024-10-25T00:00:00.000","2024-10-25T00:00:00.000","2024-12-23T00:00:00.000"
"900478966","UNGRD","Contratación directa","93594809.0","2022-01-27T00:00:00.000","2022-01-28T00:00:00.000","2022-11-27T00:00:00.000"
"900478966","UNGRD","Contratación directa","0.0","","2018-01-10T00:00:00.000","2018-06-30T00:00:00.000"
"900478966","UNGRD","Contratación directa","102481208.1","2021-03-08T00:00:00.000","2021-03-09T00:00:00.000","2021-12-29T00:00:00.000"
"900478966","UNGRD","Contratación directa","57330000.0","2025-02-03T00:00:00.000","2025-02-04T00:00:00.000","2025-12-18T00:00:00.000"
"900478966","UNGRD","Contratación directa","12106791.67","2021-09-22T00:00:00.000","2021-09-23T00:00:00.000","2021-12-23T00:00:00.000"
"900478966","UNGRD","Mínima cuantía","1100750.0","2023-05-23T00:00:00.000","2023-05-26T00:00:00.000","2023-05-31T00:00:00.000"
"900478966","UNGRD","Contratación directa","74456374.66","2021-03-09T00:00:00.000","2021-03-10T00:00:00.000","2021-12-23T00:00:00.000"
"900478966","UNGRD","Contratación directa","14828666.67","2023-11-01T00:00:00.000","2023-11-02T00:00:00.000","2023-12-30T00:00:00.000"
"900478966","UNGRD","Contratación directa","31658304.0","2019-02-21T00:00:00.000","2019-02-21T00:00:00.000","2019-06-21T00:00:00.000"
"900478966","UNGRD","Licitación pública","950000000.0","","",""
"900478966","UNGRD","Contratación directa","15474768.0","2019-02-15T00:00:00.000","2019-02-18T00:00:00.000","2019-06-30T00:00:00.000"
"900478966","UNGRD","Contratación directa","52301027.6","2022-01-27T00:00:00.000","2022-01-28T00:00:00.000","2022-12-23T00:00:00.000"
"900478966","UNGRD","Contratación Directa (con ofertas)","20000000.0","2021-05-04T00:00:00.000","2021-05-11T00:00:00.000","2021-12-21T00:00:00.000"
"900478966","UNGRD","Contratación directa","133078000.0","2026-01-22T00:00:00.000","2026-01-23T00:00:00.000","2026-12-22T00:00:00.000"
"900478966","UNGRD","Mínima cuantía","7946671.0","2018-04-23T00:00:00.000","2018-04-20T00:00:00.000","2018-12-31T00:00:00.000"
"900478966","UNGRD","Contratación directa","14014000.0","2024-10-04T00:00:00.000","2024-10-07T00:00:00.000","2024-12-23T00:00:00.000"
"900478966","UNGRD","Licitación pública","1225329940.0","","","2024-03-15T00:00:00.000"
"900478966","UNGRD","Contratación directa","415254317.66","2024-08-27T00:00:00.000","2024-09-06T00:00:00.000","2024-12-22T00:00:00.000"
"900478966","UNGRD","Contratación directa","23400000.0","2023-10-12T00:00:00.000","2023-10-13T00:00:00.000","2023-12-30T00:00:00.000"
"900478966","UNGRD","Contratación directa","9365337.0","2019-03-01T00:00:00.000","2019-03-04T00:00:00.000","2019-06-30T00:00:00.000"
"900478966","UNGRD","Selección Abreviada de Menor Cuantía","0.0","2023-05-18T00:00:00.000","2023-05-24T00:00:00.000","2024-05-23T00:00:00.000"
"900478966","UNGRD","Contratación directa","78651100.0","2022-01-26T00:00:00.000","2022-01-27T00:00:00.000","2022-11-26T00:00:00.000"
"900478966","UNGRD","Contratación directa","52140000.0","2024-02-15T00:00:00.000","2024-02-16T00:00:00.000","2024-12-31T00:00:00.000"
"900478966","UNGRD","Contratación directa","20201600.0","2018-01-04T00:00:00.000","2018-01-04T00:00:00.000","2018-06-30T00:00:00.000"
"900478966","UNGRD","Mínima cuantía","26500000.0","2022-03-14T00:00:00.000","2022-03-15T00:00:00.000","2022-12-30T00:00:00.000"
"900478966","UNGRD","Contratación directa","43316802.0","2022-01-20T00:00:00.000","2022-01-21T00:00:00.000","2022-10-20T00:00:00.000"
"900478966","UNGRD","Contratación directa","114033333.33","2024-02-19T00:00:00.000","2024-02-20T00:00:00.000","2024-12-30T00:00:00.000"
"900478966","UNGRD","Mínima cuantía","3423214.0","","","2022-09-30T00:00:00.000"
"900478966","UNGRD","Contratación directa","36000000.0","2026-01-28T00:00:00.000","2026-01-29T00:00:00.000","2026-07-28T00:00:00.000"
"900478966","UNGRD","Selección Abreviada de Menor Cuantía","484192892.0","","","2022-10-29T00:00:00.000"
"900478966","UNGRD","Contratación directa","44777777.74","2024-07-18T00:00:00.000","2024-07-19T00:00:00.000","2024-12-23T00:00:00.000"
"900478966","UNGRD","Contratación directa","87100000.0","2025-02-17T00:00:00.000","2025-02-18T00:00:00.000","2025-12-17T00:00:00.000"
"900478966","UNGRD","Mínima cuantía","12222469.77","2019-12-10T00:00:00.000","2019-12-11T00:00:00.000","2019-12-31T00:00:00.000"
"900478966","UNGRD","Selección abreviada subasta inversa","61289163.48","","","2025-09-21T00:00:00.000"
"900478966","UNGRD","Contratación directa","51765000.0","2023-09-28T00:00:00.000","2023-09-29T00:00:00.000","2023-12-28T00:00:00.000"
"900478966","UNGRD","Mínima cuantía","5400000.0","2019-05-31T00:00:00.000","2019-05-31T00:00:00.000","2019-12-31T00:00:00.000"
